{
	"credit": "Made with Blockbench",
	"textures": {
		"0": "items/brown",
		"particle": "items/brown"
	},
	"elements": [
		{
			"from": [7.5, 0.2, 7.5],
			"to": [8.5, 7.8, 8.5],
			"rotation": {"angle": 0, "axis": "y", "origin": [8, 3.9, 8]},
			"faces": {
				"north": {"uv": [0, 0, 1, 3], "texture": "#0"},
				"east": {"uv": [0, 0, 1, 3], "texture": "#0"},
				"south": {"uv": [0, 0, 1, 3], "texture": "#0"},
				"west": {"uv": [0, 0, 1, 3], "texture": "#0"},
				"up": {"uv": [0, 0, 1, 1], "texture": "#0"},
				"down": {"uv": [0, 0, 1, 1], "texture": "#0"}
			}
		},
		{
			"from": [7.4, -0.1, 7.4],
			"to": [8.6, 0.35, 8.6],
			"rotation": {"angle": 0, "axis": "y", "origin": [8, 3.9, 8]},
			"faces": {
				"north": {"uv": [0, 0, 2, 1.1], "texture": "#0"},
				"east": {"uv": [0, 0, 2, 1.1], "texture": "#0"},
				"south": {"uv": [0, 0, 2, 1.1], "texture": "#0"},
				"west": {"uv": [0, 0, 2, 1.1], "texture": "#0"},
				"up": {"uv": [0, 0, 2, 2], "texture": "#0"},
				"down": {"uv": [0, 0, 2, 2], "texture": "#0"}
			}
		},
		{
			"from": [7.4, 21.35, 7.4],
			"to": [8.6, 21.5, 8.6],
			"rotation": {"angle": 0, "axis": "y", "origin": [8, 15, 8]},
			"faces": {
				"north": {"uv": [0, 0, 2, 1.1], "texture": "#0"},
				"east": {"uv": [0, 0, 2, 1.1], "texture": "#0"},
				"south": {"uv": [0, 0, 2, 1.1], "texture": "#0"},
				"west": {"uv": [0, 0, 2, 1.1], "texture": "#0"},
				"up": {"uv": [0, 0, 2, 2], "texture": "#0"},
				"down": {"uv": [0, 0, 2, 2], "texture": "#0"}
			}
		},
		{
			"from": [7.3, 7.8, 7.3],
			"to": [8.7, 7.95, 8.7],
			"faces": {
				"north": {"uv": [0, 0, 2, 1.1], "texture": "#0"},
				"east": {"uv": [0, 0, 2, 1.1], "texture": "#0"},
				"south": {"uv": [0, 0, 2, 1.1], "texture": "#0"},
				"west": {"uv": [0, 0, 2, 1.1], "texture": "#0"},
				"up": {"uv": [0, 0, 2, 2], "texture": "#0"},
				"down": {"uv": [0, 0, 2, 2], "texture": "#0"}
			}
		},
		{
			"from": [7.3, 21.2, 7.3],
			"to": [8.7, 21.35, 8.7],
			"rotation": {"angle": 0, "axis": "y", "origin": [8, 15, 8]},
			"faces": {
				"north": {"uv": [0, 0, 2, 1.1], "texture": "#0"},
				"east": {"uv": [0, 0, 2, 1.1], "texture": "#0"},
				"south": {"uv": [0, 0, 2, 1.1], "texture": "#0"},
				"west": {"uv": [0, 0, 2, 1.1], "texture": "#0"},
				"up": {"uv": [0, 0, 2, 2], "texture": "#0"},
				"down": {"uv": [0, 0, 2, 2], "texture": "#0"}
			}
		},
		{
			"from": [7.2, 7.9, 7.2],
			"to": [8.8, 21.25, 8.8],
			"faces": {
				"north": {"uv": [0, 0, 2, 1.1], "texture": "#0"},
				"east": {"uv": [0, 0, 2, 1.1], "texture": "#0"},
				"south": {"uv": [0, 0, 2, 1.1], "texture": "#0"},
				"west": {"uv": [0, 0, 2, 1.1], "texture": "#0"},
				"up": {"uv": [0, 0, 2, 2], "texture": "#0"},
				"down": {"uv": [0, 0, 2, 2], "texture": "#0"}
			}
		},
		{
			"from": [7.1, 8.15, 7.1],
			"to": [8.9, 21, 8.9],
			"faces": {
				"north": {"uv": [0, 0, 2, 1.1], "texture": "#0"},
				"east": {"uv": [0, 0, 2, 1.1], "texture": "#0"},
				"south": {"uv": [0, 0, 2, 1.1], "texture": "#0"},
				"west": {"uv": [0, 0, 2, 1.1], "texture": "#0"},
				"up": {"uv": [0, 0, 2, 2], "texture": "#0"},
				"down": {"uv": [0, 0, 2, 2], "texture": "#0"}
			}
		},
		{
			"from": [7, 8.4, 7],
			"to": [9, 20.75, 9],
			"faces": {
				"north": {"uv": [0, 0, 2, 1.1], "texture": "#0"},
				"east": {"uv": [0, 0, 2, 1.1], "texture": "#0"},
				"south": {"uv": [0, 0, 2, 1.1], "texture": "#0"},
				"west": {"uv": [0, 0, 2, 1.1], "texture": "#0"},
				"up": {"uv": [0, 0, 2, 2], "texture": "#0"},
				"down": {"uv": [0, 0, 2, 2], "texture": "#0"}
			}
		}
	],
	"display": {
		"thirdperson_righthand": {
			"translation": [0, 3.75, 1],
			"scale": [1.19336, 1.19336, 1.19336]
		},
		"thirdperson_lefthand": {
			"translation": [0, 1, 1.25],
			"scale": [0.41, 1, 0.29]
		},
		"firstperson_righthand": {
			"rotation": [-5.75, -78.75, 0],
			"translation": [2.5, 2, 0.25],
			"scale": [1, 0.78711, 1]
		},
		"gui": {
			"rotation": [0, 0, -35.25],
			"translation": [0, -1.5, 0],
			"scale": [1, 0.625, 1]
		}
	}
}