{
	"parent": "item/handheld",
	"textures": {
		"layer0": "items/diamond_hoe"
	},
	"overrides": [
		{"predicate": {"damaged":0,"damage":0.0006402048655569782},"model": "weapone/gadfsa"},
		{"predicate": {"damaged":0,"damage":0.0012804097311139564},"model": "weapone/12edasd"},
		{"predicate": {"damaged":0,"damage":0.0019206145966709346},"model": "weapone/dwkn"},
		{"predicate": {"damaged":0,"damage":0.002560819462227913},"model": "gun/sniper"},
		{"predicate": {"damaged":0,"damage":0.003201024327784891},"model": "gun/m24"},
		{"predicate": {"damaged":0,"damage":0.0038412291933418692},"model": "gun/qbz"},
		
		{"predicate": {"damaged":0,"damage":0.004481434058898847},"model": "gun/m16"},
		{"predicate": {"damaged":0,"damage":0.005121638924455826},"model": "gun/scar"},
		{"predicate": {"damaged":0,"damage":0.005761843790012804},"model": "gun/mp5"},
		{"predicate": {"damaged":0,"damage":0.006402048655569782},"model": "gun/aug"},
		{"predicate": {"damaged":0,"damage":0.00704225352112676},"model": "gun/p90"},
		{"predicate": {"damaged":0,"damage":0.0076824583866837385},"model": "gun/awm"},
		
		{"predicate": {"damaged":0,"damage":0.008322663252240717},"model": "gun/k2"},
		{"predicate": {"damaged":0,"damage":0.008962868117797694},"model": "gun/remingtrun"},
		{"predicate": {"damaged":0,"damage":0.009603072983354673},"model": "gun/backter"},
		{"predicate": {"damaged":0,"damage":0.010243277848911651},"model": "gun/dbs"},
		{"predicate": {"damaged":0,"damage":0.01088348271446863},"model": "gun/siege"},
		{"predicate": {"damaged":0,"damage":0.011523687580025609},"model": "gun/sa2ga"},
		
		{"predicate": {"damaged":0,"damage":0.012163892445582586},"model": "gun/ma2cro"},
		{"predicate": {"damaged":0,"damage":0.012804097311139564},"model": "gun/kar98"},
		{"predicate": {"damaged":0,"damage":0.013444302176696543},"model": "gun/rpg"},
		
		{ "predicate": {"damaged": 0, "damage": 0.01408450704}, "model": "gun/sukguog"},
		{ "predicate": {"damaged": 0, "damage": 0.0147247119}, "model": "gun/m249"}
	]
}