{
	"credit": "Made with Blockbench",
	"textures": {
		"0": "items/brown",
		"1": "items/diamonad",
		"particle": "items/brown"
	},
	"elements": [
		{
			"from": [5.75, 6, 5.75],
			"to": [10.25, 7, 6.25],
			"rotation": {"angle": 0, "axis": "y", "origin": [8, 7, 8]},
			"faces": {
				"north": {"uv": [0, 0, 4.5, 1], "texture": "#0"},
				"east": {"uv": [0, 0, 4.5, 1], "texture": "#0"},
				"south": {"uv": [0, 0, 4.5, 1], "texture": "#0"},
				"west": {"uv": [0, 0, 4.5, 1], "texture": "#0"},
				"up": {"uv": [0, 0, 4.5, 4.5], "texture": "#0"},
				"down": {"uv": [0, 0, 4.5, 4.5], "texture": "#0"}
			}
		},
		{
			"from": [5.75, 6, 6.25],
			"to": [6.25, 7, 9.75],
			"rotation": {"angle": 0, "axis": "y", "origin": [8, 7, 8]},
			"faces": {
				"north": {"uv": [0, 0, 4.5, 1], "texture": "#0"},
				"east": {"uv": [0, 0, 4.5, 1], "texture": "#0"},
				"south": {"uv": [0, 0, 4.5, 1], "texture": "#0"},
				"west": {"uv": [0, 0, 4.5, 1], "texture": "#0"},
				"up": {"uv": [0, 0, 4.5, 4.5], "texture": "#0"},
				"down": {"uv": [0, 0, 4.5, 4.5], "texture": "#0"}
			}
		},
		{
			"from": [9.75, 6, 6.25],
			"to": [10.25, 7, 9.75],
			"rotation": {"angle": 0, "axis": "y", "origin": [8, 7, 8]},
			"faces": {
				"north": {"uv": [0, 0, 4.5, 1], "texture": "#0"},
				"east": {"uv": [0, 0, 4.5, 1], "texture": "#0"},
				"south": {"uv": [0, 0, 4.5, 1], "texture": "#0"},
				"west": {"uv": [0, 0, 4.5, 1], "texture": "#0"},
				"up": {"uv": [0, 0, 4.5, 4.5], "texture": "#0"},
				"down": {"uv": [0, 0, 4.5, 4.5], "texture": "#0"}
			}
		},
		{
			"from": [5.75, 6, 9.75],
			"to": [10.25, 7, 10.25],
			"rotation": {"angle": 0, "axis": "y", "origin": [8, 7, 8]},
			"faces": {
				"north": {"uv": [0, 0, 4.5, 1], "texture": "#0"},
				"east": {"uv": [0, 0, 4.5, 1], "texture": "#0"},
				"south": {"uv": [0, 0, 4.5, 1], "texture": "#0"},
				"west": {"uv": [0, 0, 4.5, 1], "texture": "#0"},
				"up": {"uv": [0, 0, 4.5, 4.5], "texture": "#0"},
				"down": {"uv": [0, 0, 4.5, 4.5], "texture": "#0"}
			}
		},
		{
			"from": [6.2, 5.9, 5.6],
			"to": [9.8, 7.1, 5.75],
			"faces": {
				"north": {"uv": [0, 0, 1.6, 1], "texture": "#1"},
				"east": {"uv": [0, 0, 0.15, 1], "texture": "#1"},
				"south": {"uv": [0, 0, 1.6, 1], "texture": "#1"},
				"west": {"uv": [0, 0, 0.15, 1], "texture": "#1"},
				"up": {"uv": [0, 0, 1.6, 0.15], "texture": "#1"},
				"down": {"uv": [0, 0, 1.6, 0.15], "texture": "#1"}
			}
		},
		{
			"from": [6.3, 6, 5.5],
			"to": [9.7, 7, 5.65],
			"faces": {
				"north": {"uv": [0, 0, 1.4, 0.8], "texture": "#1"},
				"east": {"uv": [0, 0, 0.15, 0.8], "texture": "#1"},
				"south": {"uv": [0, 0, 1.4, 0.8], "texture": "#1"},
				"west": {"uv": [0, 0, 0.15, 0.8], "texture": "#1"},
				"up": {"uv": [0, 0, 1.4, 0.15], "texture": "#1"},
				"down": {"uv": [0, 0, 1.4, 0.15], "texture": "#1"}
			}
		},
		{
			"from": [6.4, 6.1, 5.4],
			"to": [9.6, 6.9, 5.55],
			"faces": {
				"north": {"uv": [0, 0, 1.2, 0.6], "texture": "#1"},
				"east": {"uv": [0, 0, 0.15, 0.6], "texture": "#1"},
				"south": {"uv": [0, 0, 1.2, 0.6], "texture": "#1"},
				"west": {"uv": [0, 0, 0.15, 0.6], "texture": "#1"},
				"up": {"uv": [0, 0, 1.2, 0.15], "texture": "#1"},
				"down": {"uv": [0, 0, 1.2, 0.15], "texture": "#1"}
			}
		}
	],
	"display": {
		"thirdperson_righthand": {
			"rotation": [90, 0, 0],
			"translation": [0, -2, 4.5]
		},
		"thirdperson_lefthand": {
			"rotation": [90, 0, 0],
			"translation": [0, -2, 4]
		},
		"gui": {
			"rotation": [0, -180, 0]
		}
	}
}