{
	"credit": "Made with Blockbench",
	"textures": {
		"2": "items/ak47a03",
		"3": "items/brown",
		"particle": "items/ak47a01"
	},
	"elements": [
		{
			"from": [7.75, 6.85, 11.8],
			"to": [8.25, 7.75, 14.15],
			"rotation": {"angle": 22.5, "axis": "x", "origin": [8.01008, 7.49079, 13.27411]},
			"faces": {
				"north": {"uv": [0, 0, 0, 0], "texture": "#3"},
				"east": {"uv": [0, 0, 5, 0], "texture": "#3"},
				"south": {"uv": [0, 0, 0, 0], "texture": "#3"},
				"west": {"uv": [0, 0, 5, 0], "texture": "#3"},
				"up": {"uv": [0, 0, 0, 5], "texture": "#3"},
				"down": {"uv": [0, 0, 0, 5], "texture": "#3"}
			}
		},
		{
			"from": [7.75, 6.57, 13.79264],
			"to": [8.25, 8.22, 14.74264],
			"rotation": {"angle": 0, "axis": "x", "origin": [8.01119, 7.15139, 13.56999]},
			"faces": {
				"north": {"uv": [0, 0, 0, 0], "texture": "#3"},
				"east": {"uv": [0, 0, 5, 0], "texture": "#3"},
				"south": {"uv": [0, 0, 0, 0], "texture": "#3"},
				"west": {"uv": [0, 0, 5, 0], "texture": "#3"},
				"up": {"uv": [0, 0, 0, 5], "texture": "#3"},
				"down": {"uv": [0, 0, 0, 5], "texture": "#3"}
			}
		},
		{
			"from": [7.75, 7.97, 13.69264],
			"to": [8.25, 8.32, 14.74264],
			"rotation": {"angle": 0, "axis": "x", "origin": [8.01119, 7.15139, 13.56999]},
			"faces": {
				"north": {"uv": [0, 0, 0, 0], "texture": "#3"},
				"east": {"uv": [0, 0, 5, 0], "texture": "#3"},
				"south": {"uv": [0, 0, 0, 0], "texture": "#3"},
				"west": {"uv": [0, 0, 5, 0], "texture": "#3"},
				"up": {"uv": [0, 0, 0, 5], "texture": "#3"},
				"down": {"uv": [0, 0, 0, 5], "texture": "#3"}
			}
		},
		{
			"from": [7.75, 7.21094, 11.89264],
			"to": [8.25, 8.21094, 14.54264],
			"rotation": {"angle": 0, "axis": "x", "origin": [8.01119, 7.15139, 13.56999]},
			"faces": {
				"north": {"uv": [0, 0, 0, 0], "texture": "#3"},
				"east": {"uv": [0, 0, 5, 0], "texture": "#3"},
				"south": {"uv": [0, 0, 0, 0], "texture": "#3"},
				"west": {"uv": [0, 0, 5, 0], "texture": "#3"},
				"up": {"uv": [0, 0, 0, 5], "texture": "#3"},
				"down": {"uv": [0, 0, 0, 5], "texture": "#3"}
			}
		},
		{
			"from": [7.75, 6.9, 11.05],
			"to": [8.25, 6.95, 12.1],
			"rotation": {"angle": 0, "axis": "x", "origin": [8.01004, 7.7404, 13.49955]},
			"faces": {
				"north": {"uv": [0, 0, 0, 0], "texture": "#2"},
				"east": {"uv": [0, 0, 5, 0], "texture": "#2"},
				"south": {"uv": [0, 0, 0, 0], "texture": "#2"},
				"west": {"uv": [0, 0, 5, 0], "texture": "#2"},
				"up": {"uv": [0, 0, 0, 5], "texture": "#2"},
				"down": {"uv": [0, 0, 0, 5], "texture": "#2"}
			}
		},
		{
			"from": [7.85, 5.25, 8.85],
			"to": [8.15, 7.15, 9.9],
			"rotation": {"angle": 22.5, "axis": "x", "origin": [8.00554, 6.29743, 9.47202]},
			"faces": {
				"north": {"uv": [0, 0, 0, 0], "texture": "#2"},
				"east": {"uv": [0, 0, 5, 0], "texture": "#2"},
				"south": {"uv": [0, 0, 0, 0], "texture": "#2"},
				"west": {"uv": [0, 0, 5, 0], "texture": "#2"},
				"up": {"uv": [0, 0, 0, 5], "texture": "#2"},
				"down": {"uv": [0, 0, 0, 5], "texture": "#2"}
			}
		},
		{
			"from": [7.85, 6.5, 10.95],
			"to": [8.15, 6.95, 11],
			"rotation": {"angle": 0, "axis": "x", "origin": [8.01004, 7.7404, 13.49955]},
			"faces": {
				"north": {"uv": [0, 0, 0, 0], "texture": "#2"},
				"east": {"uv": [0, 0, 5, 0], "texture": "#2"},
				"south": {"uv": [0, 0, 0, 0], "texture": "#2"},
				"west": {"uv": [0, 0, 5, 0], "texture": "#2"},
				"up": {"uv": [0, 0, 0, 5], "texture": "#2"},
				"down": {"uv": [0, 0, 0, 5], "texture": "#2"}
			}
		},
		{
			"from": [7.85, 6.7, 10.65],
			"to": [8.05, 7.15, 10.7],
			"rotation": {"angle": 22.5, "axis": "x", "origin": [8.00689, 6.72034, 10.67276]},
			"faces": {
				"north": {"uv": [0, 0, 0, 0], "texture": "#2"},
				"east": {"uv": [0, 0, 5, 0], "texture": "#2"},
				"south": {"uv": [0, 0, 0, 0], "texture": "#2"},
				"west": {"uv": [0, 0, 5, 0], "texture": "#2"},
				"up": {"uv": [0, 0, 0, 5], "texture": "#2"},
				"down": {"uv": [0, 0, 0, 5], "texture": "#2"}
			}
		},
		{
			"from": [7.85, 6.5, 10.35],
			"to": [8.15, 6.95, 10.4],
			"rotation": {"angle": 0, "axis": "x", "origin": [8.01004, 7.7404, 13.49955]},
			"faces": {
				"north": {"uv": [0, 0, 0, 0], "texture": "#2"},
				"east": {"uv": [0, 0, 5, 0], "texture": "#2"},
				"south": {"uv": [0, 0, 0, 0], "texture": "#2"},
				"west": {"uv": [0, 0, 5, 0], "texture": "#2"},
				"up": {"uv": [0, 0, 0, 5], "texture": "#2"},
				"down": {"uv": [0, 0, 0, 5], "texture": "#2"}
			}
		},
		{
			"from": [7.85, 6.49362, 10.3519],
			"to": [8.15, 6.54362, 11.0019],
			"rotation": {"angle": 0, "axis": "x", "origin": [8.00637, 6.72086, 10.37276]},
			"faces": {
				"north": {"uv": [0, 0, 0, 5], "rotation": 180, "texture": "#2"},
				"east": {"uv": [0, 0, 5, 0], "rotation": 270, "texture": "#2"},
				"south": {"uv": [0, 0, 0, 5], "texture": "#2"},
				"west": {"uv": [0, 0, 5, 0], "rotation": 90, "texture": "#2"},
				"up": {"uv": [0, 0, 0, 0], "rotation": 180, "texture": "#2"},
				"down": {"uv": [0, 0, 0, 0], "texture": "#2"}
			}
		},
		{
			"from": [7.85, 6.7, 11.05],
			"to": [8.15, 6.9, 12.1],
			"rotation": {"angle": 0, "axis": "x", "origin": [8.01004, 7.7404, 13.49955]},
			"faces": {
				"north": {"uv": [0, 0, 0, 0], "texture": "#3"},
				"east": {"uv": [0, 0, 5, 0], "texture": "#3"},
				"south": {"uv": [0, 0, 0, 0], "texture": "#3"},
				"west": {"uv": [0, 0, 5, 0], "texture": "#3"},
				"up": {"uv": [0, 0, 0, 5], "texture": "#3"},
				"down": {"uv": [0, 0, 0, 5], "texture": "#3"}
			}
		},
		{
			"from": [7.85, 5.55, 11.35],
			"to": [8.15, 7.5, 12],
			"rotation": {"angle": -22.5, "axis": "x", "origin": [8.00899, 6.41877, 11.57224]},
			"faces": {
				"north": {"uv": [0, 0, 0, 0], "texture": "#3"},
				"east": {"uv": [0, 0, 5, 0], "texture": "#3"},
				"south": {"uv": [0, 0, 0, 0], "texture": "#3"},
				"west": {"uv": [0, 0, 5, 0], "texture": "#3"},
				"up": {"uv": [0, 0, 0, 5], "texture": "#3"},
				"down": {"uv": [0, 0, 0, 5], "texture": "#3"}
			}
		},
		{
			"from": [7.7, 6.95, 8.25],
			"to": [8.3, 8.5, 12.2],
			"rotation": {"angle": 0, "axis": "x", "origin": [8.01004, 7.7404, 13.49955]},
			"faces": {
				"north": {"uv": [0, 0, 0, 0], "texture": "#2"},
				"east": {"uv": [0, 0, 5, 0], "texture": "#2"},
				"south": {"uv": [0, 0, 0, 0], "texture": "#2"},
				"west": {"uv": [0, 0, 5, 0], "texture": "#2"},
				"up": {"uv": [0, 0, 0, 5], "texture": "#2"},
				"down": {"uv": [0, 0, 0, 5], "texture": "#2"}
			}
		},
		{
			"from": [7.8, 7.55, 6.75],
			"to": [8.2, 7.9, 8.3],
			"rotation": {"angle": 0, "axis": "x", "origin": [8.01004, 7.7404, 13.49955]},
			"faces": {
				"north": {"uv": [0, 0, 0, 0], "texture": "#2"},
				"east": {"uv": [0, 0, 5, 0], "texture": "#2"},
				"south": {"uv": [0, 0, 0, 0], "texture": "#2"},
				"west": {"uv": [0, 0, 5, 0], "texture": "#2"},
				"up": {"uv": [0, 0, 0, 5], "texture": "#2"},
				"down": {"uv": [0, 0, 0, 5], "texture": "#2"}
			}
		},
		{
			"from": [7.7, 6.95, 6.7],
			"to": [8.3, 8.5, 6.75],
			"rotation": {"angle": 0, "axis": "x", "origin": [8.01004, 7.7404, 13.49955]},
			"faces": {
				"north": {"uv": [0, 0, 0, 0], "texture": "#2"},
				"east": {"uv": [0, 0, 5, 0], "texture": "#2"},
				"south": {"uv": [0, 0, 0, 0], "texture": "#2"},
				"west": {"uv": [0, 0, 5, 0], "texture": "#2"},
				"up": {"uv": [0, 0, 0, 5], "texture": "#2"},
				"down": {"uv": [0, 0, 0, 5], "texture": "#2"}
			}
		},
		{
			"from": [7.85, 7.85, 5.65],
			"to": [8.15, 8.2, 6.7],
			"rotation": {"angle": 0, "axis": "x", "origin": [8.01004, 7.7404, 13.49955]},
			"faces": {
				"north": {"uv": [0, 0, 0, 0], "texture": "#2"},
				"east": {"uv": [0, 0, 5, 0], "texture": "#2"},
				"south": {"uv": [0, 0, 0, 0], "texture": "#2"},
				"west": {"uv": [0, 0, 5, 0], "texture": "#2"},
				"up": {"uv": [0, 0, 0, 5], "texture": "#2"},
				"down": {"uv": [0, 0, 0, 5], "texture": "#2"}
			}
		},
		{
			"from": [7.95, 7.30726, 3.79286],
			"to": [8.05, 7.95726, 3.94286],
			"rotation": {"angle": 0, "axis": "x", "origin": [7.99276, 8.0322, 4.07506]},
			"faces": {
				"north": {"uv": [0, 0, 0, 5], "rotation": 180, "texture": "#2"},
				"east": {"uv": [0, 0, 5, 0], "rotation": 270, "texture": "#2"},
				"south": {"uv": [0, 0, 0, 5], "texture": "#2"},
				"west": {"uv": [0, 0, 5, 0], "rotation": 90, "texture": "#2"},
				"up": {"uv": [0, 0, 0, 0], "rotation": 180, "texture": "#2"},
				"down": {"uv": [0, 0, 0, 0], "texture": "#2"}
			}
		},
		{
			"from": [7.95, 7.30726, 3.49286],
			"to": [8.05, 8.15726, 3.64286],
			"rotation": {"angle": 0, "axis": "x", "origin": [7.99276, 8.0322, 4.07506]},
			"faces": {
				"north": {"uv": [0, 0, 0, 5], "rotation": 180, "texture": "#2"},
				"east": {"uv": [0, 0, 5, 0], "rotation": 270, "texture": "#2"},
				"south": {"uv": [0, 0, 0, 5], "texture": "#2"},
				"west": {"uv": [0, 0, 5, 0], "rotation": 90, "texture": "#2"},
				"up": {"uv": [0, 0, 0, 0], "rotation": 180, "texture": "#2"},
				"down": {"uv": [0, 0, 0, 0], "texture": "#2"}
			}
		},
		{
			"from": [7.95, 7.90726, 3.59286],
			"to": [8.05, 8.35726, 3.74286],
			"rotation": {"angle": 0, "axis": "x", "origin": [7.99276, 8.0322, 4.07506]},
			"faces": {
				"north": {"uv": [0, 0, 0, 5], "rotation": 180, "texture": "#2"},
				"east": {"uv": [0, 0, 5, 0], "rotation": 270, "texture": "#2"},
				"south": {"uv": [0, 0, 0, 5], "texture": "#2"},
				"west": {"uv": [0, 0, 5, 0], "rotation": 90, "texture": "#2"},
				"up": {"uv": [0, 0, 0, 0], "rotation": 180, "texture": "#2"},
				"down": {"uv": [0, 0, 0, 0], "texture": "#2"}
			}
		},
		{
			"from": [7.95, 7.70726, 3.69286],
			"to": [8.05, 8.15726, 3.84286],
			"rotation": {"angle": 0, "axis": "x", "origin": [7.99276, 8.0322, 4.07506]},
			"faces": {
				"north": {"uv": [0, 0, 0, 5], "rotation": 180, "texture": "#2"},
				"east": {"uv": [0, 0, 5, 0], "rotation": 270, "texture": "#2"},
				"south": {"uv": [0, 0, 0, 5], "texture": "#2"},
				"west": {"uv": [0, 0, 5, 0], "rotation": 90, "texture": "#2"},
				"up": {"uv": [0, 0, 0, 0], "rotation": 180, "texture": "#2"},
				"down": {"uv": [0, 0, 0, 0], "texture": "#2"}
			}
		},
		{
			"from": [7.85, 7.75, 4.15],
			"to": [8.15, 8.1, 5.7],
			"rotation": {"angle": -22.5, "axis": "x", "origin": [7.99555, 8.02941, 5.47505]},
			"faces": {
				"north": {"uv": [0, 0, 0, 0], "texture": "#2"},
				"east": {"uv": [0, 0, 5, 0], "texture": "#2"},
				"south": {"uv": [0, 0, 0, 0], "texture": "#2"},
				"west": {"uv": [0, 0, 5, 0], "texture": "#2"},
				"up": {"uv": [0, 0, 0, 5], "texture": "#2"},
				"down": {"uv": [0, 0, 0, 5], "texture": "#2"}
			}
		},
		{
			"from": [7.85, 7.25, 3.1],
			"to": [8.15, 7.6, 6.7],
			"rotation": {"angle": 0, "axis": "x", "origin": [8.01004, 7.7404, 13.49955]},
			"faces": {
				"north": {"uv": [0, 0, 0, 0], "texture": "#2"},
				"east": {"uv": [0, 0, 5, 0], "texture": "#2"},
				"south": {"uv": [0, 0, 0, 0], "texture": "#2"},
				"west": {"uv": [0, 0, 5, 0], "texture": "#2"},
				"up": {"uv": [0, 0, 0, 5], "texture": "#2"},
				"down": {"uv": [0, 0, 0, 5], "texture": "#2"}
			}
		},
		{
			"from": [7.7, 6.95, 6.75],
			"to": [8.3, 7.6, 8.25],
			"rotation": {"angle": 0, "axis": "x", "origin": [8.01004, 7.7404, 13.49955]},
			"faces": {
				"north": {"uv": [0, 0, 0, 0], "texture": "#3"},
				"east": {"uv": [0, 0, 5, 0], "texture": "#3"},
				"south": {"uv": [0, 0, 0, 0], "texture": "#3"},
				"west": {"uv": [0, 0, 5, 0], "texture": "#3"},
				"up": {"uv": [0, 0, 0, 5], "texture": "#3"},
				"down": {"uv": [0, 0, 0, 5], "texture": "#3"}
			}
		},
		{
			"from": [7.7, 7.85, 6.75],
			"to": [8.3, 8.5, 8.25],
			"rotation": {"angle": 0, "axis": "x", "origin": [8.01004, 7.7404, 13.49955]},
			"faces": {
				"north": {"uv": [0, 0, 0, 0], "texture": "#3"},
				"east": {"uv": [0, 0, 5, 0], "texture": "#3"},
				"south": {"uv": [0, 0, 0, 0], "texture": "#3"},
				"west": {"uv": [0, 0, 5, 0], "texture": "#3"},
				"up": {"uv": [0, 0, 0, 5], "texture": "#3"},
				"down": {"uv": [0, 0, 0, 5], "texture": "#3"}
			}
		}
	],
	"display": {
		"thirdperson_righthand": {
			"translation": [0, 0.75, -3.5],
			"scale": [1.2, 1.2, 1.2]
		},
		"firstperson_righthand": {
			"translation": [3.25, 3, -1.5],
			"scale": [1.2, 1.2, 1.2]
		},
		"firstperson_lefthand": {
			"translation": [0, 4, 0]
		},
		"ground": {
			"scale": [1.2, 1.2, 1.2]
		},
		"gui": {
			"rotation": [-33.75, -127.75, -55],
			"translation": [1.25, 0, 0],
			"scale": [1.2, 1.2, 1.2]
		}
	}
}