{
	"credit": "Made with Blockbench",
	"textures": {
		"0": "items/black",
		"1": "items/scar01",
		"2": "items/ak47a01",
		"particle": "items/black"
	},
	"elements": [
		{
			"from": [7.6, 7.895, 8.55],
			"to": [8.4, 9.495, 15.05],
			"faces": {
				"north": {"uv": [0, 0, 0.8, 1.6], "texture": "#1"},
				"east": {"uv": [0, 0, 6.5, 1.6], "texture": "#1"},
				"south": {"uv": [0, 0, 0.8, 1.6], "texture": "#1"},
				"west": {"uv": [0, 0, 6.5, 1.6], "texture": "#1"},
				"up": {"uv": [0, 0, 0.8, 6.5], "texture": "#1"},
				"down": {"uv": [0, 0, 0.8, 6.5], "texture": "#1"}
			}
		},
		{
			"from": [7.7, 6.395, 11.55],
			"to": [8.3, 7.895, 15.05],
			"faces": {
				"north": {"uv": [0, 0, 0.6, 1.5], "texture": "#1"},
				"east": {"uv": [0, 0, 3.5, 1.5], "texture": "#1"},
				"south": {"uv": [0, 0, 0.6, 1.5], "texture": "#1"},
				"west": {"uv": [0, 0, 3.5, 1.5], "texture": "#1"},
				"up": {"uv": [0, 0, 0.6, 3.5], "texture": "#1"},
				"down": {"uv": [0, 0, 0.6, 3.5], "texture": "#1"}
			}
		},
		{
			"from": [7.7, 4.895, 11.65],
			"to": [8.3, 6.395, 13.15],
			"faces": {
				"north": {"uv": [0, 0, 0.6, 1.5], "texture": "#1"},
				"east": {"uv": [0, 0, 1.5, 1.5], "texture": "#1"},
				"south": {"uv": [0, 0, 0.6, 1.5], "texture": "#1"},
				"west": {"uv": [0, 0, 1.5, 1.5], "texture": "#1"},
				"up": {"uv": [0, 0, 0.6, 1.5], "texture": "#1"},
				"down": {"uv": [0, 0, 0.6, 1.5], "texture": "#1"}
			}
		},
		{
			"from": [7.8, 3.595, 11.85],
			"to": [8.3, 5.195, 12.05],
			"rotation": {"angle": 0, "axis": "x", "origin": [8.01441, 4.13733, 12.39325]},
			"faces": {
				"north": {"uv": [0, 0, 0.5, 1.6], "texture": "#1"},
				"east": {"uv": [0, 0, 0.2, 1.6], "texture": "#1"},
				"south": {"uv": [0, 0, 0.5, 1.6], "texture": "#1"},
				"west": {"uv": [0, 0, 0.2, 1.6], "texture": "#1"},
				"up": {"uv": [0, 0, 0.5, 0.2], "texture": "#1"},
				"down": {"uv": [0, 0, 0.5, 0.2], "texture": "#1"}
			}
		},
		{
			"from": [7.8, 3.495, 12.15],
			"to": [8.3, 5.195, 12.35],
			"rotation": {"angle": 0, "axis": "x", "origin": [8.01441, 4.13733, 12.39325]},
			"faces": {
				"north": {"uv": [0, 0, 0.5, 1.7], "texture": "#1"},
				"east": {"uv": [0, 0, 0.2, 1.7], "texture": "#1"},
				"south": {"uv": [0, 0, 0.5, 1.7], "texture": "#1"},
				"west": {"uv": [0, 0, 0.2, 1.7], "texture": "#1"},
				"up": {"uv": [0, 0, 0.5, 0.2], "texture": "#1"},
				"down": {"uv": [0, 0, 0.5, 0.2], "texture": "#1"}
			}
		},
		{
			"from": [7.8, 3.395, 12.45],
			"to": [8.3, 5.195, 12.65],
			"rotation": {"angle": 0, "axis": "x", "origin": [8.01441, 4.13733, 12.39325]},
			"faces": {
				"north": {"uv": [0, 0, 0.5, 1.8], "texture": "#1"},
				"east": {"uv": [0, 0, 0.2, 1.8], "texture": "#1"},
				"south": {"uv": [0, 0, 0.5, 1.8], "texture": "#1"},
				"west": {"uv": [0, 0, 0.2, 1.8], "texture": "#1"},
				"up": {"uv": [0, 0, 0.5, 0.2], "texture": "#1"},
				"down": {"uv": [0, 0, 0.5, 0.2], "texture": "#1"}
			}
		},
		{
			"from": [7.8, 3.295, 12.75],
			"to": [8.3, 5.195, 12.95],
			"rotation": {"angle": 0, "axis": "x", "origin": [8.01441, 4.13733, 12.39325]},
			"faces": {
				"north": {"uv": [0, 0, 0.5, 1.9], "texture": "#1"},
				"east": {"uv": [0, 0, 0.2, 1.9], "texture": "#1"},
				"south": {"uv": [0, 0, 0.5, 1.9], "texture": "#1"},
				"west": {"uv": [0, 0, 0.2, 1.9], "texture": "#1"},
				"up": {"uv": [0, 0, 0.5, 0.2], "texture": "#1"},
				"down": {"uv": [0, 0, 0.5, 0.2], "texture": "#1"}
			}
		},
		{
			"from": [7.8, 3.595, 11.85],
			"to": [8.3, 5.195, 12.05],
			"rotation": {"angle": 0, "axis": "x", "origin": [8.01441, 4.13733, 12.39325]},
			"faces": {
				"north": {"uv": [0, 0, 0.5, 1.6], "texture": "#1"},
				"east": {"uv": [0, 0, 0.2, 1.6], "texture": "#1"},
				"south": {"uv": [0, 0, 0.5, 1.6], "texture": "#1"},
				"west": {"uv": [0, 0, 0.2, 1.6], "texture": "#1"},
				"up": {"uv": [0, 0, 0.5, 0.2], "texture": "#1"},
				"down": {"uv": [0, 0, 0.5, 0.2], "texture": "#1"}
			}
		},
		{
			"from": [7.9, 3.595, 11.75],
			"to": [8.2, 5.195, 13.05],
			"rotation": {"angle": 0, "axis": "x", "origin": [8.01441, 4.13733, 12.39325]},
			"faces": {
				"north": {"uv": [0, 0, 0.3, 1.6], "texture": "#1"},
				"east": {"uv": [0, 0, 1.3, 1.6], "texture": "#1"},
				"south": {"uv": [0, 0, 0.3, 1.6], "texture": "#1"},
				"west": {"uv": [0, 0, 1.3, 1.6], "texture": "#1"},
				"up": {"uv": [0, 0, 0.3, 1.3], "texture": "#1"},
				"down": {"uv": [0, 0, 0.3, 1.3], "texture": "#1"}
			}
		},
		{
			"from": [7.9, 3.495, 11.85],
			"to": [8.2, 3.595, 13.05],
			"rotation": {"angle": 0, "axis": "x", "origin": [8.01441, 4.13733, 12.39325]},
			"faces": {
				"north": {"uv": [0, 0, 0.3, 0.1], "texture": "#1"},
				"east": {"uv": [0, 0, 1.2, 0.1], "texture": "#1"},
				"south": {"uv": [0, 0, 0.3, 0.1], "texture": "#1"},
				"west": {"uv": [0, 0, 1.2, 0.1], "texture": "#1"},
				"up": {"uv": [0, 0, 0.3, 1.2], "texture": "#1"},
				"down": {"uv": [0, 0, 0.3, 1.2], "texture": "#1"}
			}
		},
		{
			"from": [7.9, 3.395, 11.95],
			"to": [8.2, 3.495, 13.05],
			"rotation": {"angle": 0, "axis": "x", "origin": [8.01441, 4.13733, 12.39325]},
			"faces": {
				"north": {"uv": [0, 0, 0.3, 0.1], "texture": "#1"},
				"east": {"uv": [0, 0, 1.1, 0.1], "texture": "#1"},
				"south": {"uv": [0, 0, 0.3, 0.1], "texture": "#1"},
				"west": {"uv": [0, 0, 1.1, 0.1], "texture": "#1"},
				"up": {"uv": [0, 0, 0.3, 1.1], "texture": "#1"},
				"down": {"uv": [0, 0, 0.3, 1.1], "texture": "#1"}
			}
		},
		{
			"from": [7.9, 3.295, 12.05],
			"to": [8.2, 3.395, 13.05],
			"rotation": {"angle": 0, "axis": "x", "origin": [8.01441, 4.13733, 12.39325]},
			"faces": {
				"north": {"uv": [0, 0, 0.3, 0.1], "texture": "#1"},
				"east": {"uv": [0, 0, 1, 0.1], "texture": "#1"},
				"south": {"uv": [0, 0, 0.3, 0.1], "texture": "#1"},
				"west": {"uv": [0, 0, 1, 0.1], "texture": "#1"},
				"up": {"uv": [0, 0, 0.3, 1], "texture": "#1"},
				"down": {"uv": [0, 0, 0.3, 1], "texture": "#1"}
			}
		},
		{
			"from": [7.9, 3.195, 12.15],
			"to": [8.2, 3.295, 13.05],
			"rotation": {"angle": 0, "axis": "x", "origin": [8.01441, 4.13733, 12.39325]},
			"faces": {
				"north": {"uv": [0, 0, 0.3, 0.1], "texture": "#1"},
				"east": {"uv": [0, 0, 0.9, 0.1], "texture": "#1"},
				"south": {"uv": [0, 0, 0.3, 0.1], "texture": "#1"},
				"west": {"uv": [0, 0, 0.9, 0.1], "texture": "#1"},
				"up": {"uv": [0, 0, 0.3, 0.9], "texture": "#1"},
				"down": {"uv": [0, 0, 0.3, 0.9], "texture": "#1"}
			}
		},
		{
			"from": [7.7, 5.595, 13.15],
			"to": [8.3, 6.395, 14.25],
			"faces": {
				"north": {"uv": [0, 0, 0.6, 0.8], "texture": "#1"},
				"east": {"uv": [0, 0, 1.1, 0.8], "texture": "#1"},
				"south": {"uv": [0, 0, 0.6, 0.8], "texture": "#1"},
				"west": {"uv": [0, 0, 1.1, 0.8], "texture": "#1"},
				"up": {"uv": [0, 0, 0.6, 1.1], "texture": "#1"},
				"down": {"uv": [0, 0, 0.6, 1.1], "texture": "#1"}
			}
		},
		{
			"from": [7.7, 4.895, 13.15],
			"to": [8.3, 4.995, 14.45],
			"faces": {
				"north": {"uv": [0, 0, 0.6, 0.1], "texture": "#1"},
				"east": {"uv": [0, 0, 1.3, 0.1], "texture": "#1"},
				"south": {"uv": [0, 0, 0.6, 0.1], "texture": "#1"},
				"west": {"uv": [0, 0, 1.3, 0.1], "texture": "#1"},
				"up": {"uv": [0, 0, 0.6, 1.3], "texture": "#1"},
				"down": {"uv": [0, 0, 0.6, 1.3], "texture": "#1"}
			}
		},
		{
			"from": [7.7, 4.395, 14.25],
			"to": [8.3, 6.595, 14.95],
			"rotation": {"angle": -22.5, "axis": "x", "origin": [8.01607, 5.38349, 14.59543]},
			"faces": {
				"north": {"uv": [0, 0, 0.6, 2.2], "texture": "#1"},
				"east": {"uv": [0, 0, 0.7, 2.2], "texture": "#1"},
				"south": {"uv": [0, 0, 0.6, 2.2], "texture": "#1"},
				"west": {"uv": [0, 0, 0.7, 2.2], "texture": "#1"},
				"up": {"uv": [0, 0, 0.6, 0.7], "texture": "#1"},
				"down": {"uv": [0, 0, 0.6, 0.7], "texture": "#1"}
			}
		},
		{
			"from": [7.7, 7.195, 8.55],
			"to": [8.3, 7.895, 10.45],
			"rotation": {"angle": 0, "axis": "y", "origin": [8, 8, 12.1]},
			"faces": {
				"north": {"uv": [0, 0, 0.6, 0.7], "texture": "#0"},
				"east": {"uv": [0, 0, 1.9, 0.7], "texture": "#0"},
				"south": {"uv": [0, 0, 0.6, 0.7], "texture": "#0"},
				"west": {"uv": [0, 0, 1.9, 0.7], "texture": "#0"},
				"up": {"uv": [0, 0, 0.6, 1.9], "texture": "#0"},
				"down": {"uv": [0, 0, 0.6, 1.9], "texture": "#0"}
			}
		},
		{
			"from": [7.7, 7.095, 8.55],
			"to": [8.3, 7.195, 10.45],
			"rotation": {"angle": 0, "axis": "y", "origin": [8, 8, 12.1]},
			"faces": {
				"north": {"uv": [0, 0, 0.6, 0.1], "texture": "#1"},
				"east": {"uv": [0, 0, 1.9, 0.1], "texture": "#1"},
				"south": {"uv": [0, 0, 0.6, 0.1], "texture": "#1"},
				"west": {"uv": [0, 0, 1.9, 0.1], "texture": "#1"},
				"up": {"uv": [0, 0, 0.6, 1.9], "texture": "#1"},
				"down": {"uv": [0, 0, 0.6, 1.9], "texture": "#1"}
			}
		},
		{
			"from": [7.7, 7.095, 10.45],
			"to": [8.3, 7.895, 11.55],
			"rotation": {"angle": 0, "axis": "y", "origin": [8, 8, 12.1]},
			"faces": {
				"north": {"uv": [0, 0, 0.6, 0.8], "texture": "#1"},
				"east": {"uv": [0, 0, 1.1, 0.8], "texture": "#1"},
				"south": {"uv": [0, 0, 0.6, 0.8], "texture": "#1"},
				"west": {"uv": [0, 0, 1.1, 0.8], "texture": "#1"},
				"up": {"uv": [0, 0, 0.6, 1.1], "texture": "#1"},
				"down": {"uv": [0, 0, 0.6, 1.1], "texture": "#1"}
			}
		},
		{
			"from": [7.8, 6.595, 8.55],
			"to": [8.2, 7.095, 11.55],
			"rotation": {"angle": 0, "axis": "y", "origin": [8, 8, 12.1]},
			"faces": {
				"north": {"uv": [0, 0, 0.4, 0.5], "texture": "#0"},
				"east": {"uv": [0, 0, 3, 0.5], "texture": "#0"},
				"south": {"uv": [0, 0, 0.4, 0.5], "texture": "#0"},
				"west": {"uv": [0, 0, 3, 0.5], "texture": "#0"},
				"up": {"uv": [0, 0, 0.4, 3], "texture": "#0"},
				"down": {"uv": [0, 0, 0.4, 3], "texture": "#0"}
			}
		},
		{
			"from": [7.8, 6.595, 8.45],
			"to": [8.2, 7.095, 8.55],
			"rotation": {"angle": 0, "axis": "y", "origin": [8, 8, 12.1]},
			"faces": {
				"north": {"uv": [0, 0, 0.4, 0.5], "texture": "#0"},
				"east": {"uv": [0, 0, 0.1, 0.5], "texture": "#0"},
				"south": {"uv": [0, 0, 0.4, 0.5], "texture": "#0"},
				"west": {"uv": [0, 0, 0.1, 0.5], "texture": "#0"},
				"up": {"uv": [0, 0, 0.4, 0.1], "texture": "#0"},
				"down": {"uv": [0, 0, 0.4, 0.1], "texture": "#0"}
			}
		},
		{
			"from": [7.7, 7.095, 8.45],
			"to": [8.3, 7.895, 8.55],
			"rotation": {"angle": 0, "axis": "y", "origin": [8, 8, 12.1]},
			"faces": {
				"north": {"uv": [0, 0, 0.6, 0.8], "texture": "#0"},
				"east": {"uv": [0, 0, 0.1, 0.8], "texture": "#0"},
				"south": {"uv": [0, 0, 0.6, 0.8], "texture": "#0"},
				"west": {"uv": [0, 0, 0.1, 0.8], "texture": "#0"},
				"up": {"uv": [0, 0, 0.6, 0.1], "texture": "#0"},
				"down": {"uv": [0, 0, 0.6, 0.1], "texture": "#0"}
			}
		},
		{
			"from": [7.7, 7.095, 8.35],
			"to": [8.3, 7.895, 8.45],
			"rotation": {"angle": 0, "axis": "y", "origin": [8, 8, 12.1]},
			"faces": {
				"north": {"uv": [0, 0, 0.6, 0.8], "texture": "#0"},
				"east": {"uv": [0, 0, 0.1, 0.8], "texture": "#0"},
				"south": {"uv": [0, 0, 0.6, 0.8], "texture": "#0"},
				"west": {"uv": [0, 0, 0.1, 0.8], "texture": "#0"},
				"up": {"uv": [0, 0, 0.6, 0.1], "texture": "#0"},
				"down": {"uv": [0, 0, 0.6, 0.1], "texture": "#0"}
			}
		},
		{
			"from": [7.8, 7.295, 5.05],
			"to": [8.2, 7.695, 8.35],
			"rotation": {"angle": 0, "axis": "y", "origin": [8, 8, 12.1]},
			"faces": {
				"north": {"uv": [0, 0, 0.4, 0.4], "texture": "#0"},
				"east": {"uv": [0, 0, 3.3, 0.4], "texture": "#0"},
				"south": {"uv": [0, 0, 0.4, 0.4], "texture": "#0"},
				"west": {"uv": [0, 0, 3.3, 0.4], "texture": "#0"},
				"up": {"uv": [0, 0, 0.4, 3.3], "texture": "#0"},
				"down": {"uv": [0, 0, 0.4, 3.3], "texture": "#0"}
			}
		},
		{
			"from": [7.8, 8.195, 7.25],
			"to": [8.2, 8.595, 8.35],
			"rotation": {"angle": 0, "axis": "y", "origin": [8, 8, 12.1]},
			"faces": {
				"north": {"uv": [0, 0, 0.4, 0.4], "texture": "#0"},
				"east": {"uv": [0, 0, 1.1, 0.4], "texture": "#0"},
				"south": {"uv": [0, 0, 0.4, 0.4], "texture": "#0"},
				"west": {"uv": [0, 0, 1.1, 0.4], "texture": "#0"},
				"up": {"uv": [0, 0, 0.4, 1.1], "texture": "#0"},
				"down": {"uv": [0, 0, 0.4, 1.1], "texture": "#0"}
			}
		},
		{
			"from": [7.8, 8.595, 7.15],
			"to": [8.2, 8.695, 7.25],
			"rotation": {"angle": 0, "axis": "y", "origin": [8, 8, 12.1]},
			"faces": {
				"north": {"uv": [0, 0, 0.4, 0.1], "texture": "#0"},
				"east": {"uv": [0, 0, 0.1, 0.1], "texture": "#0"},
				"south": {"uv": [0, 0, 0.4, 0.1], "texture": "#0"},
				"west": {"uv": [0, 0, 0.1, 0.1], "texture": "#0"},
				"up": {"uv": [0, 0, 0.4, 0.1], "texture": "#0"},
				"down": {"uv": [0, 0, 0.4, 0.1], "texture": "#0"}
			}
		},
		{
			"from": [8.2, 9.895, 7.55],
			"to": [8.3, 10.095, 7.95],
			"rotation": {"angle": 0, "axis": "y", "origin": [8, 8, 12.1]},
			"faces": {
				"north": {"uv": [0, 0, 0.1, 0.2], "texture": "#0"},
				"east": {"uv": [0, 0, 0.4, 0.2], "texture": "#0"},
				"south": {"uv": [0, 0, 0.1, 0.2], "texture": "#0"},
				"west": {"uv": [0, 0, 0.4, 0.2], "texture": "#0"},
				"up": {"uv": [0, 0, 0.1, 0.4], "texture": "#0"},
				"down": {"uv": [0, 0, 0.1, 0.4], "texture": "#0"}
			}
		},
		{
			"from": [7.7, 9.895, 7.55],
			"to": [7.8, 10.095, 7.95],
			"rotation": {"angle": 0, "axis": "y", "origin": [8, 8, 12.1]},
			"faces": {
				"north": {"uv": [0, 0, 0.1, 0.2], "texture": "#0"},
				"east": {"uv": [0, 0, 0.4, 0.2], "texture": "#0"},
				"south": {"uv": [0, 0, 0.1, 0.2], "texture": "#0"},
				"west": {"uv": [0, 0, 0.4, 0.2], "texture": "#0"},
				"up": {"uv": [0, 0, 0.1, 0.4], "texture": "#0"},
				"down": {"uv": [0, 0, 0.1, 0.4], "texture": "#0"}
			}
		},
		{
			"from": [7.8, 8.695, 7.55],
			"to": [8.2, 9.895, 7.95],
			"rotation": {"angle": 0, "axis": "y", "origin": [8, 8, 12.1]},
			"faces": {
				"north": {"uv": [0, 0, 0.4, 1.2], "texture": "#0"},
				"east": {"uv": [0, 0, 0.4, 1.2], "texture": "#0"},
				"south": {"uv": [0, 0, 0.4, 1.2], "texture": "#0"},
				"west": {"uv": [0, 0, 0.4, 1.2], "texture": "#0"},
				"up": {"uv": [0, 0, 0.4, 0.4], "texture": "#0"},
				"down": {"uv": [0, 0, 0.4, 0.4], "texture": "#0"}
			}
		},
		{
			"from": [7.8, 8.095, 7.15],
			"to": [8.2, 8.195, 7.25],
			"rotation": {"angle": 0, "axis": "y", "origin": [8, 8, 12.1]},
			"faces": {
				"north": {"uv": [0, 0, 0.4, 0.1], "texture": "#0"},
				"east": {"uv": [0, 0, 0.1, 0.1], "texture": "#0"},
				"south": {"uv": [0, 0, 0.4, 0.1], "texture": "#0"},
				"west": {"uv": [0, 0, 0.1, 0.1], "texture": "#0"},
				"up": {"uv": [0, 0, 0.4, 0.1], "texture": "#0"},
				"down": {"uv": [0, 0, 0.4, 0.1], "texture": "#0"}
			}
		},
		{
			"from": [7.7, 7.195, 5.65],
			"to": [8.3, 7.795, 5.75],
			"rotation": {"angle": 0, "axis": "y", "origin": [8, 8, 12.1]},
			"faces": {
				"north": {"uv": [0, 0, 0.6, 0.6], "texture": "#0"},
				"east": {"uv": [0, 0, 0.1, 0.6], "texture": "#0"},
				"south": {"uv": [0, 0, 0.6, 0.6], "texture": "#0"},
				"west": {"uv": [0, 0, 0.1, 0.6], "texture": "#0"},
				"up": {"uv": [0, 0, 0.6, 0.1], "texture": "#0"},
				"down": {"uv": [0, 0, 0.6, 0.1], "texture": "#0"}
			}
		},
		{
			"from": [8.1, 7.295, 4.65],
			"to": [8.2, 7.695, 5.15],
			"rotation": {"angle": 0, "axis": "y", "origin": [8, 8, 12.1]},
			"faces": {
				"north": {"uv": [0, 0, 0.1, 0.4], "texture": "#0"},
				"east": {"uv": [0, 0, 0.5, 0.4], "texture": "#0"},
				"south": {"uv": [0, 0, 0.1, 0.4], "texture": "#0"},
				"west": {"uv": [0, 0, 0.5, 0.4], "texture": "#0"},
				"up": {"uv": [0, 0, 0.1, 0.5], "texture": "#0"},
				"down": {"uv": [0, 0, 0.1, 0.5], "texture": "#0"}
			}
		},
		{
			"from": [7.8, 7.295, 4.65],
			"to": [7.9, 7.695, 5.15],
			"rotation": {"angle": 0, "axis": "y", "origin": [8, 8, 12.1]},
			"faces": {
				"north": {"uv": [0, 0, 0.1, 0.4], "texture": "#0"},
				"east": {"uv": [0, 0, 0.5, 0.4], "texture": "#0"},
				"south": {"uv": [0, 0, 0.1, 0.4], "texture": "#0"},
				"west": {"uv": [0, 0, 0.5, 0.4], "texture": "#0"},
				"up": {"uv": [0, 0, 0.1, 0.5], "texture": "#0"},
				"down": {"uv": [0, 0, 0.1, 0.5], "texture": "#0"}
			}
		},
		{
			"from": [7.8, 7.195, 7.45],
			"to": [8.2, 7.795, 8.05],
			"rotation": {"angle": 0, "axis": "y", "origin": [8, 8, 12.1]},
			"faces": {
				"north": {"uv": [0, 0, 0.4, 0.6], "texture": "#2"},
				"east": {"uv": [0, 0, 0.6, 0.6], "texture": "#2"},
				"south": {"uv": [0, 0, 0.4, 0.6], "texture": "#2"},
				"west": {"uv": [0, 0, 0.6, 0.6], "texture": "#2"},
				"up": {"uv": [0, 0, 0.4, 0.6], "texture": "#2"},
				"down": {"uv": [0, 0, 0.4, 0.6], "texture": "#2"}
			}
		},
		{
			"from": [7.8, 8.095, 7.45],
			"to": [8.2, 8.695, 8.05],
			"rotation": {"angle": 0, "axis": "y", "origin": [8, 8.9, 12.1]},
			"faces": {
				"north": {"uv": [0, 0, 0.4, 0.6], "texture": "#2"},
				"east": {"uv": [0, 0, 0.6, 0.6], "texture": "#2"},
				"south": {"uv": [0, 0, 0.4, 0.6], "texture": "#2"},
				"west": {"uv": [0, 0, 0.6, 0.6], "texture": "#2"},
				"up": {"uv": [0, 0, 0.4, 0.6], "texture": "#2"},
				"down": {"uv": [0, 0, 0.4, 0.6], "texture": "#2"}
			}
		},
		{
			"from": [7.9, 7.595, 7.45],
			"to": [8.1, 8.195, 8.05],
			"rotation": {"angle": 0, "axis": "y", "origin": [8, 8, 12.1]},
			"faces": {
				"north": {"uv": [0, 0, 0.2, 0.6], "texture": "#2"},
				"east": {"uv": [0, 0, 0.6, 0.6], "texture": "#2"},
				"south": {"uv": [0, 0, 0.2, 0.6], "texture": "#2"},
				"west": {"uv": [0, 0, 0.6, 0.6], "texture": "#2"},
				"up": {"uv": [0, 0, 0.2, 0.6], "texture": "#2"},
				"down": {"uv": [0, 0, 0.2, 0.6], "texture": "#2"}
			}
		},
		{
			"from": [7.7, 7.295, 7.45],
			"to": [8.3, 7.695, 8.05],
			"rotation": {"angle": 0, "axis": "y", "origin": [8, 8, 12.1]},
			"faces": {
				"north": {"uv": [0, 0, 0.6, 0.4], "texture": "#2"},
				"east": {"uv": [0, 0, 0.6, 0.4], "texture": "#2"},
				"south": {"uv": [0, 0, 0.6, 0.4], "texture": "#2"},
				"west": {"uv": [0, 0, 0.6, 0.4], "texture": "#2"},
				"up": {"uv": [0, 0, 0.6, 0.6], "texture": "#2"},
				"down": {"uv": [0, 0, 0.6, 0.6], "texture": "#2"}
			}
		},
		{
			"from": [7.7, 8.195, 7.45],
			"to": [8.3, 8.595, 8.05],
			"rotation": {"angle": 0, "axis": "y", "origin": [8, 8.9, 12.1]},
			"faces": {
				"north": {"uv": [0, 0, 0.6, 0.4], "texture": "#2"},
				"east": {"uv": [0, 0, 0.6, 0.4], "texture": "#2"},
				"south": {"uv": [0, 0, 0.6, 0.4], "texture": "#2"},
				"west": {"uv": [0, 0, 0.6, 0.4], "texture": "#2"},
				"up": {"uv": [0, 0, 0.6, 0.6], "texture": "#2"},
				"down": {"uv": [0, 0, 0.6, 0.6], "texture": "#2"}
			}
		},
		{
			"from": [7.6, 7.895, 8.35],
			"to": [8.4, 9.395, 8.55],
			"rotation": {"angle": 0, "axis": "y", "origin": [8, 8, 12.1]},
			"faces": {
				"north": {"uv": [0, 0, 0.8, 1.5], "texture": "#0"},
				"east": {"uv": [0, 0, 0.2, 1.5], "texture": "#0"},
				"south": {"uv": [0, 0, 0.8, 1.5], "texture": "#0"},
				"west": {"uv": [0, 0, 0.2, 1.5], "texture": "#0"},
				"up": {"uv": [0, 0, 0.8, 0.2], "texture": "#0"},
				"down": {"uv": [0, 0, 0.8, 0.2], "texture": "#0"}
			}
		},
		{
			"from": [7.7, 6.495, 8.65],
			"to": [8.3, 7.095, 8.75],
			"rotation": {"angle": 0, "axis": "y", "origin": [8, 8, 12.1]},
			"faces": {
				"north": {"uv": [0, 0, 0.6, 0.6], "texture": "#0"},
				"east": {"uv": [0, 0, 0.1, 0.6], "texture": "#0"},
				"south": {"uv": [0, 0, 0.6, 0.6], "texture": "#0"},
				"west": {"uv": [0, 0, 0.1, 0.6], "texture": "#0"},
				"up": {"uv": [0, 0, 0.6, 0.1], "texture": "#0"},
				"down": {"uv": [0, 0, 0.6, 0.1], "texture": "#0"}
			}
		},
		{
			"from": [7.6, 7.195, 8.65],
			"to": [8.4, 7.895, 8.75],
			"rotation": {"angle": 0, "axis": "y", "origin": [8, 8, 12.1]},
			"faces": {
				"north": {"uv": [0, 0, 0.8, 0.7], "texture": "#0"},
				"east": {"uv": [0, 0, 0.1, 0.7], "texture": "#0"},
				"south": {"uv": [0, 0, 0.8, 0.7], "texture": "#0"},
				"west": {"uv": [0, 0, 0.1, 0.7], "texture": "#0"},
				"up": {"uv": [0, 0, 0.8, 0.1], "texture": "#0"},
				"down": {"uv": [0, 0, 0.8, 0.1], "texture": "#0"}
			}
		},
		{
			"from": [7.6, 7.195, 8.85],
			"to": [8.4, 7.895, 8.95],
			"rotation": {"angle": 0, "axis": "y", "origin": [8, 8, 12.1]},
			"faces": {
				"north": {"uv": [0, 0, 0.8, 0.7], "texture": "#0"},
				"east": {"uv": [0, 0, 0.1, 0.7], "texture": "#0"},
				"south": {"uv": [0, 0, 0.8, 0.7], "texture": "#0"},
				"west": {"uv": [0, 0, 0.1, 0.7], "texture": "#0"},
				"up": {"uv": [0, 0, 0.8, 0.1], "texture": "#0"},
				"down": {"uv": [0, 0, 0.8, 0.1], "texture": "#0"}
			}
		},
		{
			"from": [7.6, 7.195, 9.05],
			"to": [8.4, 7.895, 9.15],
			"rotation": {"angle": 0, "axis": "y", "origin": [8, 8, 12.1]},
			"faces": {
				"north": {"uv": [0, 0, 0.8, 0.7], "texture": "#0"},
				"east": {"uv": [0, 0, 0.1, 0.7], "texture": "#0"},
				"south": {"uv": [0, 0, 0.8, 0.7], "texture": "#0"},
				"west": {"uv": [0, 0, 0.1, 0.7], "texture": "#0"},
				"up": {"uv": [0, 0, 0.8, 0.1], "texture": "#0"},
				"down": {"uv": [0, 0, 0.8, 0.1], "texture": "#0"}
			}
		},
		{
			"from": [7.6, 7.195, 9.25],
			"to": [8.4, 7.895, 9.35],
			"rotation": {"angle": 0, "axis": "y", "origin": [8, 8, 12.1]},
			"faces": {
				"north": {"uv": [0, 0, 0.8, 0.7], "texture": "#0"},
				"east": {"uv": [0, 0, 0.1, 0.7], "texture": "#0"},
				"south": {"uv": [0, 0, 0.8, 0.7], "texture": "#0"},
				"west": {"uv": [0, 0, 0.1, 0.7], "texture": "#0"},
				"up": {"uv": [0, 0, 0.8, 0.1], "texture": "#0"},
				"down": {"uv": [0, 0, 0.8, 0.1], "texture": "#0"}
			}
		},
		{
			"from": [7.6, 7.195, 9.45],
			"to": [8.4, 7.895, 9.55],
			"rotation": {"angle": 0, "axis": "y", "origin": [8, 8, 12.1]},
			"faces": {
				"north": {"uv": [0, 0, 0.8, 0.7], "texture": "#0"},
				"east": {"uv": [0, 0, 0.1, 0.7], "texture": "#0"},
				"south": {"uv": [0, 0, 0.8, 0.7], "texture": "#0"},
				"west": {"uv": [0, 0, 0.1, 0.7], "texture": "#0"},
				"up": {"uv": [0, 0, 0.8, 0.1], "texture": "#0"},
				"down": {"uv": [0, 0, 0.8, 0.1], "texture": "#0"}
			}
		},
		{
			"from": [7.6, 7.195, 9.65],
			"to": [8.4, 7.895, 9.75],
			"rotation": {"angle": 0, "axis": "y", "origin": [8, 8, 12.1]},
			"faces": {
				"north": {"uv": [0, 0, 0.8, 0.7], "texture": "#0"},
				"east": {"uv": [0, 0, 0.1, 0.7], "texture": "#0"},
				"south": {"uv": [0, 0, 0.8, 0.7], "texture": "#0"},
				"west": {"uv": [0, 0, 0.1, 0.7], "texture": "#0"},
				"up": {"uv": [0, 0, 0.8, 0.1], "texture": "#0"},
				"down": {"uv": [0, 0, 0.8, 0.1], "texture": "#0"}
			}
		},
		{
			"from": [7.6, 7.195, 9.85],
			"to": [8.4, 7.895, 9.95],
			"rotation": {"angle": 0, "axis": "y", "origin": [8, 8, 12.1]},
			"faces": {
				"north": {"uv": [0, 0, 0.8, 0.7], "texture": "#0"},
				"east": {"uv": [0, 0, 0.1, 0.7], "texture": "#0"},
				"south": {"uv": [0, 0, 0.8, 0.7], "texture": "#0"},
				"west": {"uv": [0, 0, 0.1, 0.7], "texture": "#0"},
				"up": {"uv": [0, 0, 0.8, 0.1], "texture": "#0"},
				"down": {"uv": [0, 0, 0.8, 0.1], "texture": "#0"}
			}
		},
		{
			"from": [7.6, 7.195, 10.05],
			"to": [8.4, 7.895, 10.15],
			"rotation": {"angle": 0, "axis": "y", "origin": [8, 8, 12.1]},
			"faces": {
				"north": {"uv": [0, 0, 0.8, 0.7], "texture": "#0"},
				"east": {"uv": [0, 0, 0.1, 0.7], "texture": "#0"},
				"south": {"uv": [0, 0, 0.8, 0.7], "texture": "#0"},
				"west": {"uv": [0, 0, 0.1, 0.7], "texture": "#0"},
				"up": {"uv": [0, 0, 0.8, 0.1], "texture": "#0"},
				"down": {"uv": [0, 0, 0.8, 0.1], "texture": "#0"}
			}
		},
		{
			"from": [7.6, 7.195, 10.25],
			"to": [8.4, 7.895, 10.35],
			"rotation": {"angle": 0, "axis": "y", "origin": [8, 8, 12.1]},
			"faces": {
				"north": {"uv": [0, 0, 0.8, 0.7], "texture": "#0"},
				"east": {"uv": [0, 0, 0.1, 0.7], "texture": "#0"},
				"south": {"uv": [0, 0, 0.8, 0.7], "texture": "#0"},
				"west": {"uv": [0, 0, 0.1, 0.7], "texture": "#0"},
				"up": {"uv": [0, 0, 0.8, 0.1], "texture": "#0"},
				"down": {"uv": [0, 0, 0.8, 0.1], "texture": "#0"}
			}
		},
		{
			"from": [7.6, 7.295, 10.85],
			"to": [8.4, 7.695, 10.95],
			"rotation": {"angle": 0, "axis": "y", "origin": [8, 8, 12.1]},
			"faces": {
				"north": {"uv": [0, 0, 0.8, 0.4], "texture": "#0"},
				"east": {"uv": [0, 0, 0.1, 0.4], "texture": "#0"},
				"south": {"uv": [0, 0, 0.8, 0.4], "texture": "#0"},
				"west": {"uv": [0, 0, 0.1, 0.4], "texture": "#0"},
				"up": {"uv": [0, 0, 0.8, 0.1], "texture": "#0"},
				"down": {"uv": [0, 0, 0.8, 0.1], "texture": "#0"}
			}
		},
		{
			"from": [7.6, 7.295, 11.75],
			"to": [8.4, 7.695, 11.85],
			"rotation": {"angle": 0, "axis": "y", "origin": [8, 8, 12.1]},
			"faces": {
				"north": {"uv": [0, 0, 0.8, 0.4], "texture": "#0"},
				"east": {"uv": [0, 0, 0.1, 0.4], "texture": "#0"},
				"south": {"uv": [0, 0, 0.8, 0.4], "texture": "#0"},
				"west": {"uv": [0, 0, 0.1, 0.4], "texture": "#0"},
				"up": {"uv": [0, 0, 0.8, 0.1], "texture": "#0"},
				"down": {"uv": [0, 0, 0.8, 0.1], "texture": "#0"}
			}
		},
		{
			"from": [7.6, 7.295, 13.65],
			"to": [8.4, 7.695, 13.95],
			"rotation": {"angle": 0, "axis": "y", "origin": [8, 8, 12.1]},
			"faces": {
				"north": {"uv": [0, 0, 0.8, 0.4], "texture": "#0"},
				"east": {"uv": [0, 0, 0.3, 0.4], "texture": "#0"},
				"south": {"uv": [0, 0, 0.8, 0.4], "texture": "#0"},
				"west": {"uv": [0, 0, 0.3, 0.4], "texture": "#0"},
				"up": {"uv": [0, 0, 0.8, 0.3], "texture": "#0"},
				"down": {"uv": [0, 0, 0.8, 0.3], "texture": "#0"}
			}
		},
		{
			"from": [7.5, 7.195, 13.75],
			"to": [7.6, 7.495, 13.85],
			"rotation": {"angle": 22.5, "axis": "x", "origin": [7.56127, 7.33409, 13.79962]},
			"faces": {
				"north": {"uv": [0, 0, 0.1, 0.3], "texture": "#0"},
				"east": {"uv": [0, 0, 0.1, 0.3], "texture": "#0"},
				"south": {"uv": [0, 0, 0.1, 0.3], "texture": "#0"},
				"west": {"uv": [0, 0, 0.1, 0.3], "texture": "#0"},
				"up": {"uv": [0, 0, 0.1, 0.1], "texture": "#0"},
				"down": {"uv": [0, 0, 0.1, 0.1], "texture": "#0"}
			}
		},
		{
			"from": [7.6, 7.195, 10.95],
			"to": [8.4, 7.795, 11.75],
			"rotation": {"angle": 0, "axis": "y", "origin": [8, 8, 12.1]},
			"faces": {
				"north": {"uv": [0, 0, 0.8, 0.6], "texture": "#0"},
				"east": {"uv": [0, 0, 0.8, 0.6], "texture": "#0"},
				"south": {"uv": [0, 0, 0.8, 0.6], "texture": "#0"},
				"west": {"uv": [0, 0, 0.8, 0.6], "texture": "#0"},
				"up": {"uv": [0, 0, 0.8, 0.8], "texture": "#0"},
				"down": {"uv": [0, 0, 0.8, 0.8], "texture": "#0"}
			}
		},
		{
			"from": [7.7, 6.495, 8.85],
			"to": [8.3, 7.095, 8.95],
			"rotation": {"angle": 0, "axis": "y", "origin": [8, 8, 12.1]},
			"faces": {
				"north": {"uv": [0, 0, 0.6, 0.6], "texture": "#0"},
				"east": {"uv": [0, 0, 0.1, 0.6], "texture": "#0"},
				"south": {"uv": [0, 0, 0.6, 0.6], "texture": "#0"},
				"west": {"uv": [0, 0, 0.1, 0.6], "texture": "#0"},
				"up": {"uv": [0, 0, 0.6, 0.1], "texture": "#0"},
				"down": {"uv": [0, 0, 0.6, 0.1], "texture": "#0"}
			}
		},
		{
			"from": [7.7, 6.495, 9.05],
			"to": [8.3, 7.095, 9.15],
			"rotation": {"angle": 0, "axis": "y", "origin": [8, 8, 12.1]},
			"faces": {
				"north": {"uv": [0, 0, 0.6, 0.6], "texture": "#0"},
				"east": {"uv": [0, 0, 0.1, 0.6], "texture": "#0"},
				"south": {"uv": [0, 0, 0.6, 0.6], "texture": "#0"},
				"west": {"uv": [0, 0, 0.1, 0.6], "texture": "#0"},
				"up": {"uv": [0, 0, 0.6, 0.1], "texture": "#0"},
				"down": {"uv": [0, 0, 0.6, 0.1], "texture": "#0"}
			}
		},
		{
			"from": [7.7, 6.495, 9.25],
			"to": [8.3, 7.095, 9.35],
			"rotation": {"angle": 0, "axis": "y", "origin": [8, 8, 12.1]},
			"faces": {
				"north": {"uv": [0, 0, 0.6, 0.6], "texture": "#0"},
				"east": {"uv": [0, 0, 0.1, 0.6], "texture": "#0"},
				"south": {"uv": [0, 0, 0.6, 0.6], "texture": "#0"},
				"west": {"uv": [0, 0, 0.1, 0.6], "texture": "#0"},
				"up": {"uv": [0, 0, 0.6, 0.1], "texture": "#0"},
				"down": {"uv": [0, 0, 0.6, 0.1], "texture": "#0"}
			}
		},
		{
			"from": [7.7, 6.495, 9.45],
			"to": [8.3, 7.095, 9.55],
			"rotation": {"angle": 0, "axis": "y", "origin": [8, 8, 12.1]},
			"faces": {
				"north": {"uv": [0, 0, 0.6, 0.6], "texture": "#0"},
				"east": {"uv": [0, 0, 0.1, 0.6], "texture": "#0"},
				"south": {"uv": [0, 0, 0.6, 0.6], "texture": "#0"},
				"west": {"uv": [0, 0, 0.1, 0.6], "texture": "#0"},
				"up": {"uv": [0, 0, 0.6, 0.1], "texture": "#0"},
				"down": {"uv": [0, 0, 0.6, 0.1], "texture": "#0"}
			}
		},
		{
			"from": [7.7, 6.495, 9.65],
			"to": [8.3, 7.095, 9.75],
			"rotation": {"angle": 0, "axis": "y", "origin": [8, 8, 12.1]},
			"faces": {
				"north": {"uv": [0, 0, 0.6, 0.6], "texture": "#0"},
				"east": {"uv": [0, 0, 0.1, 0.6], "texture": "#0"},
				"south": {"uv": [0, 0, 0.6, 0.6], "texture": "#0"},
				"west": {"uv": [0, 0, 0.1, 0.6], "texture": "#0"},
				"up": {"uv": [0, 0, 0.6, 0.1], "texture": "#0"},
				"down": {"uv": [0, 0, 0.6, 0.1], "texture": "#0"}
			}
		},
		{
			"from": [7.7, 6.495, 9.85],
			"to": [8.3, 7.095, 9.95],
			"rotation": {"angle": 0, "axis": "y", "origin": [8, 8, 12.1]},
			"faces": {
				"north": {"uv": [0, 0, 0.6, 0.6], "texture": "#0"},
				"east": {"uv": [0, 0, 0.1, 0.6], "texture": "#0"},
				"south": {"uv": [0, 0, 0.6, 0.6], "texture": "#0"},
				"west": {"uv": [0, 0, 0.1, 0.6], "texture": "#0"},
				"up": {"uv": [0, 0, 0.6, 0.1], "texture": "#0"},
				"down": {"uv": [0, 0, 0.6, 0.1], "texture": "#0"}
			}
		},
		{
			"from": [7.7, 6.495, 10.05],
			"to": [8.3, 7.095, 10.15],
			"rotation": {"angle": 0, "axis": "y", "origin": [8, 8, 12.1]},
			"faces": {
				"north": {"uv": [0, 0, 0.6, 0.6], "texture": "#0"},
				"east": {"uv": [0, 0, 0.1, 0.6], "texture": "#0"},
				"south": {"uv": [0, 0, 0.6, 0.6], "texture": "#0"},
				"west": {"uv": [0, 0, 0.1, 0.6], "texture": "#0"},
				"up": {"uv": [0, 0, 0.6, 0.1], "texture": "#0"},
				"down": {"uv": [0, 0, 0.6, 0.1], "texture": "#0"}
			}
		},
		{
			"from": [7.7, 6.495, 10.25],
			"to": [8.3, 7.095, 10.35],
			"rotation": {"angle": 0, "axis": "y", "origin": [8, 8, 12.1]},
			"faces": {
				"north": {"uv": [0, 0, 0.6, 0.6], "texture": "#0"},
				"east": {"uv": [0, 0, 0.1, 0.6], "texture": "#0"},
				"south": {"uv": [0, 0, 0.6, 0.6], "texture": "#0"},
				"west": {"uv": [0, 0, 0.1, 0.6], "texture": "#0"},
				"up": {"uv": [0, 0, 0.6, 0.1], "texture": "#0"},
				"down": {"uv": [0, 0, 0.6, 0.1], "texture": "#0"}
			}
		},
		{
			"from": [7.7, 6.495, 10.45],
			"to": [8.3, 7.095, 10.55],
			"rotation": {"angle": 0, "axis": "y", "origin": [8, 8, 12.1]},
			"faces": {
				"north": {"uv": [0, 0, 0.6, 0.6], "texture": "#0"},
				"east": {"uv": [0, 0, 0.1, 0.6], "texture": "#0"},
				"south": {"uv": [0, 0, 0.6, 0.6], "texture": "#0"},
				"west": {"uv": [0, 0, 0.1, 0.6], "texture": "#0"},
				"up": {"uv": [0, 0, 0.6, 0.1], "texture": "#0"},
				"down": {"uv": [0, 0, 0.6, 0.1], "texture": "#0"}
			}
		},
		{
			"from": [7.7, 6.495, 10.65],
			"to": [8.3, 7.095, 10.75],
			"rotation": {"angle": 0, "axis": "y", "origin": [8, 8, 12.1]},
			"faces": {
				"north": {"uv": [0, 0, 0.6, 0.6], "texture": "#0"},
				"east": {"uv": [0, 0, 0.1, 0.6], "texture": "#0"},
				"south": {"uv": [0, 0, 0.6, 0.6], "texture": "#0"},
				"west": {"uv": [0, 0, 0.1, 0.6], "texture": "#0"},
				"up": {"uv": [0, 0, 0.6, 0.1], "texture": "#0"},
				"down": {"uv": [0, 0, 0.6, 0.1], "texture": "#0"}
			}
		},
		{
			"from": [7.7, 6.495, 10.85],
			"to": [8.3, 7.095, 10.95],
			"rotation": {"angle": 0, "axis": "y", "origin": [8, 8, 12.1]},
			"faces": {
				"north": {"uv": [0, 0, 0.6, 0.6], "texture": "#0"},
				"east": {"uv": [0, 0, 0.1, 0.6], "texture": "#0"},
				"south": {"uv": [0, 0, 0.6, 0.6], "texture": "#0"},
				"west": {"uv": [0, 0, 0.1, 0.6], "texture": "#0"},
				"up": {"uv": [0, 0, 0.6, 0.1], "texture": "#0"},
				"down": {"uv": [0, 0, 0.6, 0.1], "texture": "#0"}
			}
		},
		{
			"from": [7.7, 6.495, 11.05],
			"to": [8.3, 7.095, 11.15],
			"rotation": {"angle": 0, "axis": "y", "origin": [8, 8, 12.1]},
			"faces": {
				"north": {"uv": [0, 0, 0.6, 0.6], "texture": "#0"},
				"east": {"uv": [0, 0, 0.1, 0.6], "texture": "#0"},
				"south": {"uv": [0, 0, 0.6, 0.6], "texture": "#0"},
				"west": {"uv": [0, 0, 0.1, 0.6], "texture": "#0"},
				"up": {"uv": [0, 0, 0.6, 0.1], "texture": "#0"},
				"down": {"uv": [0, 0, 0.6, 0.1], "texture": "#0"}
			}
		},
		{
			"from": [7.7, 6.495, 11.25],
			"to": [8.3, 7.095, 11.35],
			"rotation": {"angle": 0, "axis": "y", "origin": [8, 8, 12.1]},
			"faces": {
				"north": {"uv": [0, 0, 0.6, 0.6], "texture": "#0"},
				"east": {"uv": [0, 0, 0.1, 0.6], "texture": "#0"},
				"south": {"uv": [0, 0, 0.6, 0.6], "texture": "#0"},
				"west": {"uv": [0, 0, 0.1, 0.6], "texture": "#0"},
				"up": {"uv": [0, 0, 0.6, 0.1], "texture": "#0"},
				"down": {"uv": [0, 0, 0.6, 0.1], "texture": "#0"}
			}
		},
		{
			"from": [7.9, 5.495, 13.65],
			"to": [8, 5.595, 13.75],
			"rotation": {"angle": 0, "axis": "y", "origin": [8, 8, 12.1]},
			"faces": {
				"north": {"uv": [0, 0, 0.1, 0.1], "texture": "#0"},
				"east": {"uv": [0, 0, 0.1, 0.1], "texture": "#0"},
				"south": {"uv": [0, 0, 0.1, 0.1], "texture": "#0"},
				"west": {"uv": [0, 0, 0.1, 0.1], "texture": "#0"},
				"up": {"uv": [0, 0, 0.1, 0.1], "texture": "#0"},
				"down": {"uv": [0, 0, 0.1, 0.1], "texture": "#0"}
			}
		},
		{
			"from": [7.9, 5.295, 13.75],
			"to": [8, 5.495, 13.85],
			"rotation": {"angle": 0, "axis": "y", "origin": [8, 8, 12.1]},
			"faces": {
				"north": {"uv": [0, 0, 0.1, 0.2], "texture": "#0"},
				"east": {"uv": [0, 0, 0.1, 0.2], "texture": "#0"},
				"south": {"uv": [0, 0, 0.1, 0.2], "texture": "#0"},
				"west": {"uv": [0, 0, 0.1, 0.2], "texture": "#0"},
				"up": {"uv": [0, 0, 0.1, 0.1], "texture": "#0"},
				"down": {"uv": [0, 0, 0.1, 0.1], "texture": "#0"}
			}
		},
		{
			"from": [7.9, 5.195, 13.65],
			"to": [8, 5.295, 13.75],
			"rotation": {"angle": 0, "axis": "y", "origin": [8, 8, 12.1]},
			"faces": {
				"north": {"uv": [0, 0, 0.1, 0.1], "texture": "#0"},
				"east": {"uv": [0, 0, 0.1, 0.1], "texture": "#0"},
				"south": {"uv": [0, 0, 0.1, 0.1], "texture": "#0"},
				"west": {"uv": [0, 0, 0.1, 0.1], "texture": "#0"},
				"up": {"uv": [0, 0, 0.1, 0.1], "texture": "#0"},
				"down": {"uv": [0, 0, 0.1, 0.1], "texture": "#0"}
			}
		},
		{
			"from": [7.7, 6.495, 11.45],
			"to": [8.3, 7.095, 11.55],
			"rotation": {"angle": 0, "axis": "y", "origin": [8, 8, 12.1]},
			"faces": {
				"north": {"uv": [0, 0, 0.6, 0.6], "texture": "#0"},
				"east": {"uv": [0, 0, 0.1, 0.6], "texture": "#0"},
				"south": {"uv": [0, 0, 0.6, 0.6], "texture": "#0"},
				"west": {"uv": [0, 0, 0.1, 0.6], "texture": "#0"},
				"up": {"uv": [0, 0, 0.6, 0.1], "texture": "#0"},
				"down": {"uv": [0, 0, 0.6, 0.1], "texture": "#0"}
			}
		},
		{
			"from": [7.7, 9.495, 8.55],
			"to": [8.3, 9.595, 15.05],
			"faces": {
				"north": {"uv": [0, 0, 0.6, 0.1], "texture": "#1"},
				"east": {"uv": [0, 0, 6.5, 0.1], "texture": "#1"},
				"south": {"uv": [0, 0, 0.6, 0.1], "texture": "#1"},
				"west": {"uv": [0, 0, 6.5, 0.1], "texture": "#1"},
				"up": {"uv": [0, 0, 0.6, 6.5], "texture": "#1"},
				"down": {"uv": [0, 0, 0.6, 6.5], "texture": "#1"}
			}
		},
		{
			"from": [7.6, 7.895, 15.05],
			"to": [8.4, 9.495, 15.25],
			"faces": {
				"north": {"uv": [0, 0, 0.8, 1.6], "texture": "#0"},
				"east": {"uv": [0, 0, 0.2, 1.6], "texture": "#0"},
				"south": {"uv": [0, 0, 0.8, 1.6], "texture": "#0"},
				"west": {"uv": [0, 0, 0.2, 1.6], "texture": "#0"},
				"up": {"uv": [0, 0, 0.8, 0.2], "texture": "#0"},
				"down": {"uv": [0, 0, 0.8, 0.2], "texture": "#0"}
			}
		},
		{
			"from": [7.7, 9.495, 15.05],
			"to": [8.3, 9.595, 15.25],
			"faces": {
				"north": {"uv": [0, 0, 0.6, 0.1], "texture": "#0"},
				"east": {"uv": [0, 0, 0.2, 0.1], "texture": "#0"},
				"south": {"uv": [0, 0, 0.6, 0.1], "texture": "#0"},
				"west": {"uv": [0, 0, 0.2, 0.1], "texture": "#0"},
				"up": {"uv": [0, 0, 0.6, 0.2], "texture": "#0"},
				"down": {"uv": [0, 0, 0.6, 0.2], "texture": "#0"}
			}
		},
		{
			"from": [7.7, 9.595, 14.05],
			"to": [8.3, 9.695, 14.75],
			"faces": {
				"north": {"uv": [0, 0, 0.6, 0.1], "texture": "#0"},
				"east": {"uv": [0, 0, 0.7, 0.1], "texture": "#0"},
				"south": {"uv": [0, 0, 0.6, 0.1], "texture": "#0"},
				"west": {"uv": [0, 0, 0.7, 0.1], "texture": "#0"},
				"up": {"uv": [0, 0, 0.6, 0.7], "texture": "#0"},
				"down": {"uv": [0, 0, 0.6, 0.7], "texture": "#0"}
			}
		},
		{
			"from": [7.7, 9.695, 14.05],
			"to": [7.8, 9.795, 14.75],
			"faces": {
				"north": {"uv": [0, 0, 0.1, 0.1], "texture": "#0"},
				"east": {"uv": [0, 0, 0.7, 0.1], "texture": "#0"},
				"south": {"uv": [0, 0, 0.1, 0.1], "texture": "#0"},
				"west": {"uv": [0, 0, 0.7, 0.1], "texture": "#0"},
				"up": {"uv": [0, 0, 0.1, 0.7], "texture": "#0"},
				"down": {"uv": [0, 0, 0.1, 0.7], "texture": "#0"}
			}
		},
		{
			"from": [8.2, 9.695, 14.05],
			"to": [8.3, 9.795, 14.75],
			"faces": {
				"north": {"uv": [0, 0, 0.1, 0.1], "texture": "#0"},
				"east": {"uv": [0, 0, 0.7, 0.1], "texture": "#0"},
				"south": {"uv": [0, 0, 0.1, 0.1], "texture": "#0"},
				"west": {"uv": [0, 0, 0.7, 0.1], "texture": "#0"},
				"up": {"uv": [0, 0, 0.1, 0.7], "texture": "#0"},
				"down": {"uv": [0, 0, 0.1, 0.7], "texture": "#0"}
			}
		},
		{
			"from": [7.8, 9.795, 14.05],
			"to": [7.9, 9.895, 14.75],
			"faces": {
				"north": {"uv": [0, 0, 0.1, 0.1], "texture": "#0"},
				"east": {"uv": [0, 0, 0.7, 0.1], "texture": "#0"},
				"south": {"uv": [0, 0, 0.1, 0.1], "texture": "#0"},
				"west": {"uv": [0, 0, 0.7, 0.1], "texture": "#0"},
				"up": {"uv": [0, 0, 0.1, 0.7], "texture": "#0"},
				"down": {"uv": [0, 0, 0.1, 0.7], "texture": "#0"}
			}
		},
		{
			"from": [8.1, 9.795, 14.05],
			"to": [8.2, 9.895, 14.75],
			"faces": {
				"north": {"uv": [0, 0, 0.1, 0.1], "texture": "#0"},
				"east": {"uv": [0, 0, 0.7, 0.1], "texture": "#0"},
				"south": {"uv": [0, 0, 0.1, 0.1], "texture": "#0"},
				"west": {"uv": [0, 0, 0.7, 0.1], "texture": "#0"},
				"up": {"uv": [0, 0, 0.1, 0.7], "texture": "#0"},
				"down": {"uv": [0, 0, 0.1, 0.7], "texture": "#0"}
			}
		},
		{
			"from": [8.2, 9.895, 14.05],
			"to": [8.3, 9.995, 14.75],
			"faces": {
				"north": {"uv": [0, 0, 0.1, 0.1], "texture": "#0"},
				"east": {"uv": [0, 0, 0.7, 0.1], "texture": "#0"},
				"south": {"uv": [0, 0, 0.1, 0.1], "texture": "#0"},
				"west": {"uv": [0, 0, 0.7, 0.1], "texture": "#0"},
				"up": {"uv": [0, 0, 0.1, 0.7], "texture": "#0"},
				"down": {"uv": [0, 0, 0.1, 0.7], "texture": "#0"}
			}
		},
		{
			"from": [7.7, 9.895, 14.05],
			"to": [7.8, 9.995, 14.75],
			"faces": {
				"north": {"uv": [0, 0, 0.1, 0.1], "texture": "#0"},
				"east": {"uv": [0, 0, 0.7, 0.1], "texture": "#0"},
				"south": {"uv": [0, 0, 0.1, 0.1], "texture": "#0"},
				"west": {"uv": [0, 0, 0.7, 0.1], "texture": "#0"},
				"up": {"uv": [0, 0, 0.1, 0.7], "texture": "#0"},
				"down": {"uv": [0, 0, 0.1, 0.7], "texture": "#0"}
			}
		},
		{
			"from": [7.7, 6.395, 15.05],
			"to": [8.3, 7.895, 15.25],
			"faces": {
				"north": {"uv": [0, 0, 0.6, 1.5], "texture": "#0"},
				"east": {"uv": [0, 0, 0.2, 1.5], "texture": "#0"},
				"south": {"uv": [0, 0, 0.6, 1.5], "texture": "#0"},
				"west": {"uv": [0, 0, 0.2, 1.5], "texture": "#0"},
				"up": {"uv": [0, 0, 0.6, 0.2], "texture": "#0"},
				"down": {"uv": [0, 0, 0.6, 0.2], "texture": "#0"}
			}
		},
		{
			"from": [7.7, 6.595, 15.25],
			"to": [8.3, 8.595, 20.45],
			"faces": {
				"north": {"uv": [0, 0, 0.6, 2], "texture": "#1"},
				"east": {"uv": [0, 0, 5.2, 2], "texture": "#1"},
				"south": {"uv": [0, 0, 0.6, 2], "texture": "#1"},
				"west": {"uv": [0, 0, 5.2, 2], "texture": "#1"},
				"up": {"uv": [0, 0, 0.6, 5.2], "texture": "#1"},
				"down": {"uv": [0, 0, 0.6, 5.2], "texture": "#1"}
			}
		},
		{
			"from": [7.7, 5.095, 19.85],
			"to": [8.3, 6.595, 20.45],
			"faces": {
				"north": {"uv": [0, 0, 0.6, 1.5], "texture": "#1"},
				"east": {"uv": [0, 0, 0.6, 1.5], "texture": "#1"},
				"south": {"uv": [0, 0, 0.6, 1.5], "texture": "#1"},
				"west": {"uv": [0, 0, 0.6, 1.5], "texture": "#1"},
				"up": {"uv": [0, 0, 0.6, 0.6], "texture": "#1"},
				"down": {"uv": [0, 0, 0.6, 0.6], "texture": "#1"}
			}
		},
		{
			"from": [7.7, 5.195, 19.75],
			"to": [8.3, 6.595, 20.35],
			"faces": {
				"north": {"uv": [0, 0, 0.6, 1.4], "texture": "#1"},
				"east": {"uv": [0, 0, 0.6, 1.4], "texture": "#1"},
				"south": {"uv": [0, 0, 0.6, 1.4], "texture": "#1"},
				"west": {"uv": [0, 0, 0.6, 1.4], "texture": "#1"},
				"up": {"uv": [0, 0, 0.6, 0.6], "texture": "#1"},
				"down": {"uv": [0, 0, 0.6, 0.6], "texture": "#1"}
			}
		},
		{
			"from": [7.7, 5.295, 19.65],
			"to": [8.3, 6.595, 20.25],
			"faces": {
				"north": {"uv": [0, 0, 0.6, 1.3], "texture": "#1"},
				"east": {"uv": [0, 0, 0.6, 1.3], "texture": "#1"},
				"south": {"uv": [0, 0, 0.6, 1.3], "texture": "#1"},
				"west": {"uv": [0, 0, 0.6, 1.3], "texture": "#1"},
				"up": {"uv": [0, 0, 0.6, 0.6], "texture": "#1"},
				"down": {"uv": [0, 0, 0.6, 0.6], "texture": "#1"}
			}
		},
		{
			"from": [7.7, 5.395, 19.55],
			"to": [8.3, 6.595, 20.15],
			"faces": {
				"north": {"uv": [0, 0, 0.6, 1.2], "texture": "#1"},
				"east": {"uv": [0, 0, 0.6, 1.2], "texture": "#1"},
				"south": {"uv": [0, 0, 0.6, 1.2], "texture": "#1"},
				"west": {"uv": [0, 0, 0.6, 1.2], "texture": "#1"},
				"up": {"uv": [0, 0, 0.6, 0.6], "texture": "#1"},
				"down": {"uv": [0, 0, 0.6, 0.6], "texture": "#1"}
			}
		},
		{
			"from": [7.7, 5.495, 19.45],
			"to": [8.3, 6.595, 20.05],
			"faces": {
				"north": {"uv": [0, 0, 0.6, 1.1], "texture": "#1"},
				"east": {"uv": [0, 0, 0.6, 1.1], "texture": "#1"},
				"south": {"uv": [0, 0, 0.6, 1.1], "texture": "#1"},
				"west": {"uv": [0, 0, 0.6, 1.1], "texture": "#1"},
				"up": {"uv": [0, 0, 0.6, 0.6], "texture": "#1"},
				"down": {"uv": [0, 0, 0.6, 0.6], "texture": "#1"}
			}
		},
		{
			"from": [7.7, 5.595, 19.35],
			"to": [8.3, 6.595, 19.95],
			"faces": {
				"north": {"uv": [0, 0, 0.6, 1], "texture": "#1"},
				"east": {"uv": [0, 0, 0.6, 1], "texture": "#1"},
				"south": {"uv": [0, 0, 0.6, 1], "texture": "#1"},
				"west": {"uv": [0, 0, 0.6, 1], "texture": "#1"},
				"up": {"uv": [0, 0, 0.6, 0.6], "texture": "#1"},
				"down": {"uv": [0, 0, 0.6, 0.6], "texture": "#1"}
			}
		},
		{
			"from": [7.7, 5.695, 19.25],
			"to": [8.3, 6.595, 19.85],
			"faces": {
				"north": {"uv": [0, 0, 0.6, 0.9], "texture": "#1"},
				"east": {"uv": [0, 0, 0.6, 0.9], "texture": "#1"},
				"south": {"uv": [0, 0, 0.6, 0.9], "texture": "#1"},
				"west": {"uv": [0, 0, 0.6, 0.9], "texture": "#1"},
				"up": {"uv": [0, 0, 0.6, 0.6], "texture": "#1"},
				"down": {"uv": [0, 0, 0.6, 0.6], "texture": "#1"}
			}
		},
		{
			"from": [7.7, 5.895, 19.05],
			"to": [8.3, 6.595, 19.65],
			"faces": {
				"north": {"uv": [0, 0, 0.6, 0.7], "texture": "#1"},
				"east": {"uv": [0, 0, 0.6, 0.7], "texture": "#1"},
				"south": {"uv": [0, 0, 0.6, 0.7], "texture": "#1"},
				"west": {"uv": [0, 0, 0.6, 0.7], "texture": "#1"},
				"up": {"uv": [0, 0, 0.6, 0.6], "texture": "#1"},
				"down": {"uv": [0, 0, 0.6, 0.6], "texture": "#1"}
			}
		},
		{
			"from": [7.7, 5.995, 18.95],
			"to": [8.3, 6.595, 19.55],
			"faces": {
				"north": {"uv": [0, 0, 0.6, 0.6], "texture": "#1"},
				"east": {"uv": [0, 0, 0.6, 0.6], "texture": "#1"},
				"south": {"uv": [0, 0, 0.6, 0.6], "texture": "#1"},
				"west": {"uv": [0, 0, 0.6, 0.6], "texture": "#1"},
				"up": {"uv": [0, 0, 0.6, 0.6], "texture": "#1"},
				"down": {"uv": [0, 0, 0.6, 0.6], "texture": "#1"}
			}
		},
		{
			"from": [7.7, 6.095, 18.85],
			"to": [8.3, 6.595, 19.45],
			"faces": {
				"north": {"uv": [0, 0, 0.6, 0.5], "texture": "#1"},
				"east": {"uv": [0, 0, 0.6, 0.5], "texture": "#1"},
				"south": {"uv": [0, 0, 0.6, 0.5], "texture": "#1"},
				"west": {"uv": [0, 0, 0.6, 0.5], "texture": "#1"},
				"up": {"uv": [0, 0, 0.6, 0.6], "texture": "#1"},
				"down": {"uv": [0, 0, 0.6, 0.6], "texture": "#1"}
			}
		},
		{
			"from": [7.7, 6.195, 18.75],
			"to": [8.3, 6.595, 19.35],
			"faces": {
				"north": {"uv": [0, 0, 0.6, 0.4], "texture": "#1"},
				"east": {"uv": [0, 0, 0.6, 0.4], "texture": "#1"},
				"south": {"uv": [0, 0, 0.6, 0.4], "texture": "#1"},
				"west": {"uv": [0, 0, 0.6, 0.4], "texture": "#1"},
				"up": {"uv": [0, 0, 0.6, 0.6], "texture": "#1"},
				"down": {"uv": [0, 0, 0.6, 0.6], "texture": "#1"}
			}
		},
		{
			"from": [7.7, 6.295, 18.65],
			"to": [8.3, 6.595, 19.25],
			"faces": {
				"north": {"uv": [0, 0, 0.6, 0.3], "texture": "#1"},
				"east": {"uv": [0, 0, 0.6, 0.3], "texture": "#1"},
				"south": {"uv": [0, 0, 0.6, 0.3], "texture": "#1"},
				"west": {"uv": [0, 0, 0.6, 0.3], "texture": "#1"},
				"up": {"uv": [0, 0, 0.6, 0.6], "texture": "#1"},
				"down": {"uv": [0, 0, 0.6, 0.6], "texture": "#1"}
			}
		},
		{
			"from": [7.7, 6.395, 18.55],
			"to": [8.3, 6.595, 19.15],
			"faces": {
				"north": {"uv": [0, 0, 0.6, 0.2], "texture": "#1"},
				"east": {"uv": [0, 0, 0.6, 0.2], "texture": "#1"},
				"south": {"uv": [0, 0, 0.6, 0.2], "texture": "#1"},
				"west": {"uv": [0, 0, 0.6, 0.2], "texture": "#1"},
				"up": {"uv": [0, 0, 0.6, 0.6], "texture": "#1"},
				"down": {"uv": [0, 0, 0.6, 0.6], "texture": "#1"}
			}
		},
		{
			"from": [7.7, 6.495, 18.45],
			"to": [8.3, 6.595, 19.05],
			"faces": {
				"north": {"uv": [0, 0, 0.6, 0.1], "texture": "#1"},
				"east": {"uv": [0, 0, 0.6, 0.1], "texture": "#1"},
				"south": {"uv": [0, 0, 0.6, 0.1], "texture": "#1"},
				"west": {"uv": [0, 0, 0.6, 0.1], "texture": "#1"},
				"up": {"uv": [0, 0, 0.6, 0.6], "texture": "#1"},
				"down": {"uv": [0, 0, 0.6, 0.6], "texture": "#1"}
			}
		},
		{
			"from": [7.7, 5.795, 19.15],
			"to": [8.3, 6.595, 19.75],
			"faces": {
				"north": {"uv": [0, 0, 0.6, 0.8], "texture": "#1"},
				"east": {"uv": [0, 0, 0.6, 0.8], "texture": "#1"},
				"south": {"uv": [0, 0, 0.6, 0.8], "texture": "#1"},
				"west": {"uv": [0, 0, 0.6, 0.8], "texture": "#1"},
				"up": {"uv": [0, 0, 0.6, 0.6], "texture": "#1"},
				"down": {"uv": [0, 0, 0.6, 0.6], "texture": "#1"}
			}
		},
		{
			"from": [7.6, 4.995, 20.45],
			"to": [8.4, 8.695, 21.055],
			"faces": {
				"north": {"uv": [0, 0, 0.8, 3.7], "texture": "#0"},
				"east": {"uv": [0, 0, 0.605, 3.7], "texture": "#0"},
				"south": {"uv": [0, 0, 0.8, 3.7], "texture": "#0"},
				"west": {"uv": [0, 0, 0.605, 3.7], "texture": "#0"},
				"up": {"uv": [0, 0, 0.8, 0.605], "texture": "#0"},
				"down": {"uv": [0, 0, 0.8, 0.605], "texture": "#0"}
			}
		},
		{
			"from": [7.6, 8.495, 20.55],
			"to": [8.4, 8.795, 21.15],
			"rotation": {"angle": -22.5, "axis": "x", "origin": [8.02156, 8.37275, 20.75065]},
			"faces": {
				"north": {"uv": [0, 0, 0.8, 0.3], "texture": "#0"},
				"east": {"uv": [0, 0, 0.6, 0.3], "texture": "#0"},
				"south": {"uv": [0, 0, 0.8, 0.3], "texture": "#0"},
				"west": {"uv": [0, 0, 0.6, 0.3], "texture": "#0"},
				"up": {"uv": [0, 0, 0.8, 0.6], "texture": "#0"},
				"down": {"uv": [0, 0, 0.8, 0.6], "texture": "#0"}
			}
		},
		{
			"from": [7.7, 6.4, 15.1],
			"to": [8.3, 7.3, 17.6],
			"rotation": {"angle": 22.5, "axis": "x", "origin": [8.02208, 8.02783, 20.70005]},
			"faces": {
				"north": {"uv": [0, 0, 0.6, 0.9], "texture": "#1"},
				"east": {"uv": [0, 0, 2.5, 0.9], "texture": "#1"},
				"south": {"uv": [0, 0, 0.6, 0.9], "texture": "#1"},
				"west": {"uv": [0, 0, 2.5, 0.9], "texture": "#1"},
				"up": {"uv": [0, 0, 0.6, 2.5], "texture": "#1"},
				"down": {"uv": [0, 0, 0.6, 2.5], "texture": "#1"}
			}
		}
	],
	"display": {
		"thirdperson_righthand": {
			"translation": [0, 2.25, -8],
			"scale": [1, 0.87109, 1.3418]
		},
		"thirdperson_lefthand": {
			"translation": [0, 1.5, -1]
		},
		"firstperson_righthand": {
			"translation": [1.25, 5.25, -3.25]
		},
		"ground": {
			"translation": [0, 3.25, -6.75],
			"scale": [1, 1, 1.3]
		},
		"gui": {
			"rotation": [-6.5, -93.5, -20.75],
			"translation": [4.5, 0.5, 0],
			"scale": [1, 1, 0.91]
		}
	}
}