{
	"credit": "Made with Blockbench",
	"textures": {
		"0": "items/doller",
		"1": "items/grrennn",
		"2": "items/awm",
		"particle": "items/doller"
	},
	"elements": [
		{
			"from": [7.5, 7, 4.75],
			"to": [8.5, 10, 11.25],
			"faces": {
				"north": {"uv": [0, 0, 1, 3], "texture": "#2"},
				"east": {"uv": [0, 0, 6.5, 3], "texture": "#2"},
				"south": {"uv": [0, 0, 1, 3], "texture": "#2"},
				"west": {"uv": [0, 0, 6.5, 3], "texture": "#2"},
				"up": {"uv": [0, 0, 1, 6.5], "texture": "#2"},
				"down": {"uv": [0, 0, 1, 6.5], "texture": "#2"}
			}
		},
		{
			"from": [7.5, 7, 4.75],
			"to": [8.5, 10, 11.25],
			"faces": {
				"north": {"uv": [0, 0, 1, 3], "texture": "#2"},
				"east": {"uv": [0, 0, 6.5, 3], "texture": "#2"},
				"south": {"uv": [0, 0, 1, 3], "texture": "#2"},
				"west": {"uv": [0, 0, 6.5, 3], "texture": "#2"},
				"up": {"uv": [0, 0, 1, 6.5], "texture": "#2"},
				"down": {"uv": [0, 0, 1, 6.5], "texture": "#2"}
			}
		},
		{
			"from": [6, 7, 4.75],
			"to": [7, 10, 11.25],
			"rotation": {"angle": 22.5, "axis": "y", "origin": [6.5, 8.49643, 8]},
			"faces": {
				"north": {"uv": [0, 0, 1, 3], "texture": "#2"},
				"east": {"uv": [0, 0, 6.5, 3], "texture": "#2"},
				"south": {"uv": [0, 0, 1, 3], "texture": "#2"},
				"west": {"uv": [0, 0, 6.5, 3], "texture": "#2"},
				"up": {"uv": [0, 0, 1, 6.5], "texture": "#2"},
				"down": {"uv": [0, 0, 1, 6.5], "texture": "#2"}
			}
		},
		{
			"from": [5, 7, 4.75],
			"to": [6, 10, 11.25],
			"rotation": {"angle": 45, "axis": "y", "origin": [6.5, 8.49643, 8]},
			"faces": {
				"north": {"uv": [0, 0, 1, 3], "texture": "#2"},
				"east": {"uv": [0, 0, 6.5, 3], "texture": "#2"},
				"south": {"uv": [0, 0, 1, 3], "texture": "#2"},
				"west": {"uv": [0, 0, 6.5, 3], "texture": "#2"},
				"up": {"uv": [0, 0, 1, 6.5], "texture": "#2"},
				"down": {"uv": [0, 0, 1, 6.5], "texture": "#2"}
			}
		},
		{
			"from": [4.07843, 7, 8.67157],
			"to": [10.57843, 10, 9.67157],
			"rotation": {"angle": 45, "axis": "y", "origin": [9.32843, 8.49643, 5.17157]},
			"faces": {
				"north": {"uv": [0, 0, 6.5, 3], "texture": "#2"},
				"east": {"uv": [0, 0, 1, 3], "texture": "#2"},
				"south": {"uv": [0, 0, 6.5, 3], "texture": "#2"},
				"west": {"uv": [0, 0, 1, 3], "texture": "#2"},
				"up": {"uv": [0, 0, 1, 6.5], "rotation": 90, "texture": "#2"},
				"down": {"uv": [0, 0, 1, 6.5], "rotation": 270, "texture": "#2"}
			}
		},
		{
			"from": [9.3, 7, 4.75],
			"to": [10.3, 10, 11.25],
			"rotation": {"angle": -22.5, "axis": "y", "origin": [9.8, 9, 8]},
			"faces": {
				"north": {"uv": [0, 0, 1, 3], "rotation": 180, "texture": "#2"},
				"east": {"uv": [0, 0, 6.5, 3], "rotation": 180, "texture": "#2"},
				"south": {"uv": [0, 0, 1, 3], "rotation": 180, "texture": "#2"},
				"west": {"uv": [0, 0, 6.5, 3], "rotation": 180, "texture": "#2"},
				"up": {"uv": [0, 0, 1, 6.5], "texture": "#2"},
				"down": {"uv": [0, 0, 1, 6.5], "texture": "#2"}
			}
		},
		{
			"from": [7.5, 6.65, 11.25],
			"to": [8.5, 10.35, 11.75],
			"faces": {
				"north": {"uv": [0, 0, 1, 3.7], "texture": "#1"},
				"east": {"uv": [0, 0, 0.5, 3.7], "texture": "#1"},
				"south": {"uv": [0, 0, 1, 3.7], "texture": "#1"},
				"west": {"uv": [0, 0, 0.5, 3.7], "texture": "#1"},
				"up": {"uv": [0, 0, 1, 0.5], "texture": "#1"},
				"down": {"uv": [0, 0, 1, 0.5], "texture": "#1"}
			}
		},
		{
			"from": [6, 6.65, 11.25],
			"to": [7, 10.35, 11.75],
			"rotation": {"angle": 22.5, "axis": "y", "origin": [6.5, 8.49643, 8]},
			"faces": {
				"north": {"uv": [0, 0, 1, 3.7], "texture": "#1"},
				"east": {"uv": [0, 0, 0.5, 3.7], "texture": "#1"},
				"south": {"uv": [0, 0, 1, 3.7], "texture": "#1"},
				"west": {"uv": [0, 0, 0.5, 3.7], "texture": "#1"},
				"up": {"uv": [0, 0, 1, 0.5], "texture": "#1"},
				"down": {"uv": [0, 0, 1, 0.5], "texture": "#1"}
			}
		},
		{
			"from": [5, 6.65, 11.25],
			"to": [6, 10.35, 11.75],
			"rotation": {"angle": 45, "axis": "y", "origin": [6.5, 8.49643, 8]},
			"faces": {
				"north": {"uv": [0, 0, 1, 3.7], "texture": "#1"},
				"east": {"uv": [0, 0, 0.5, 3.7], "texture": "#1"},
				"south": {"uv": [0, 0, 1, 3.7], "texture": "#1"},
				"west": {"uv": [0, 0, 0.5, 3.7], "texture": "#1"},
				"up": {"uv": [0, 0, 1, 0.5], "texture": "#1"},
				"down": {"uv": [0, 0, 1, 0.5], "texture": "#1"}
			}
		},
		{
			"from": [3.57843, 7, 8.67157],
			"to": [4.07843, 10, 9.67157],
			"rotation": {"angle": 45, "axis": "y", "origin": [9.32843, 8.49643, 5.17157]},
			"faces": {
				"north": {"uv": [0, 0, 0.5, 3.7], "texture": "#1"},
				"east": {"uv": [0, 0, 1, 3.7], "texture": "#1"},
				"south": {"uv": [0, 0, 0.5, 3.7], "texture": "#1"},
				"west": {"uv": [0, 0, 1, 3.7], "texture": "#1"},
				"up": {"uv": [0, 0, 1, 0.5], "rotation": 90, "texture": "#1"},
				"down": {"uv": [0, 0, 1, 0.5], "rotation": 270, "texture": "#1"}
			}
		},
		{
			"from": [9.3, 7, 4.25],
			"to": [10.3, 10, 4.75],
			"rotation": {"angle": -22.5, "axis": "y", "origin": [9.8, 9, 8]},
			"faces": {
				"north": {"uv": [0, 0, 1, 3.7], "rotation": 180, "texture": "#1"},
				"east": {"uv": [0, 0, 0.5, 3.7], "rotation": 180, "texture": "#1"},
				"south": {"uv": [0, 0, 1, 3.7], "rotation": 180, "texture": "#1"},
				"west": {"uv": [0, 0, 0.5, 3.7], "rotation": 180, "texture": "#1"},
				"up": {"uv": [0, 0, 1, 0.5], "texture": "#1"},
				"down": {"uv": [0, 0, 1, 0.5], "texture": "#1"}
			}
		},
		{
			"from": [7.5, 7, 4.25],
			"to": [8.5, 10, 4.75],
			"faces": {
				"north": {"uv": [0, 0, 1, 3.7], "texture": "#1"},
				"east": {"uv": [0, 0, 0.5, 3.7], "texture": "#1"},
				"south": {"uv": [0, 0, 1, 3.7], "texture": "#1"},
				"west": {"uv": [0, 0, 0.5, 3.7], "texture": "#1"},
				"up": {"uv": [0, 0, 1, 0.5], "texture": "#1"},
				"down": {"uv": [0, 0, 1, 0.5], "texture": "#1"}
			}
		},
		{
			"from": [6, 7, 4.25],
			"to": [7, 10, 4.75],
			"rotation": {"angle": 22.5, "axis": "y", "origin": [6.5, 8.49643, 8]},
			"faces": {
				"north": {"uv": [0, 0, 1, 3.7], "texture": "#1"},
				"east": {"uv": [0, 0, 0.5, 3.7], "texture": "#1"},
				"south": {"uv": [0, 0, 1, 3.7], "texture": "#1"},
				"west": {"uv": [0, 0, 0.5, 3.7], "texture": "#1"},
				"up": {"uv": [0, 0, 1, 0.5], "texture": "#1"},
				"down": {"uv": [0, 0, 1, 0.5], "texture": "#1"}
			}
		},
		{
			"from": [5, 7, 4.25],
			"to": [6, 10, 4.75],
			"rotation": {"angle": 45, "axis": "y", "origin": [6.5, 8.49643, 8]},
			"faces": {
				"north": {"uv": [0, 0, 1, 3.7], "texture": "#1"},
				"east": {"uv": [0, 0, 0.5, 3.7], "texture": "#1"},
				"south": {"uv": [0, 0, 1, 3.7], "texture": "#1"},
				"west": {"uv": [0, 0, 0.5, 3.7], "texture": "#1"},
				"up": {"uv": [0, 0, 1, 0.5], "texture": "#1"},
				"down": {"uv": [0, 0, 1, 0.5], "texture": "#1"}
			}
		},
		{
			"from": [10.57843, 7, 8.67157],
			"to": [11.07843, 10, 9.67157],
			"rotation": {"angle": 45, "axis": "y", "origin": [9.32843, 8.49643, 5.17157]},
			"faces": {
				"north": {"uv": [0, 0, 0.5, 3.7], "texture": "#1"},
				"east": {"uv": [0, 0, 1, 3.7], "texture": "#1"},
				"south": {"uv": [0, 0, 0.5, 3.7], "texture": "#1"},
				"west": {"uv": [0, 0, 1, 3.7], "texture": "#1"},
				"up": {"uv": [0, 0, 1, 0.5], "rotation": 90, "texture": "#1"},
				"down": {"uv": [0, 0, 1, 0.5], "rotation": 270, "texture": "#1"}
			}
		},
		{
			"from": [9.3, 6.65, 11.25],
			"to": [10.3, 10.35, 11.75],
			"rotation": {"angle": -22.5, "axis": "y", "origin": [9.8, 9, 8]},
			"faces": {
				"north": {"uv": [0, 0, 1, 3.7], "rotation": 180, "texture": "#1"},
				"east": {"uv": [0, 0, 0.5, 3.7], "rotation": 180, "texture": "#1"},
				"south": {"uv": [0, 0, 1, 3.7], "rotation": 180, "texture": "#1"},
				"west": {"uv": [0, 0, 0.5, 3.7], "rotation": 180, "texture": "#1"},
				"up": {"uv": [0, 0, 1, 0.5], "texture": "#1"},
				"down": {"uv": [0, 0, 1, 0.5], "texture": "#1"}
			}
		},
		{
			"from": [7.5, 10, 4.25],
			"to": [8.5, 10.35, 11.75],
			"faces": {
				"north": {"uv": [0, 0, 1, 0.35], "texture": "#1"},
				"east": {"uv": [0, 0, 7.5, 0.35], "texture": "#1"},
				"south": {"uv": [0, 0, 1, 0.35], "texture": "#1"},
				"west": {"uv": [0, 0, 7.5, 0.35], "texture": "#1"},
				"up": {"uv": [0, 0, 1, 7.5], "texture": "#1"},
				"down": {"uv": [0, 0, 1, 7.5], "texture": "#1"}
			}
		},
		{
			"from": [7.5, 10, 4.25],
			"to": [8.5, 10.35, 11.75],
			"faces": {
				"north": {"uv": [0, 0, 1, 0.35], "texture": "#1"},
				"east": {"uv": [0, 0, 7.5, 0.35], "texture": "#1"},
				"south": {"uv": [0, 0, 1, 0.35], "texture": "#1"},
				"west": {"uv": [0, 0, 7.5, 0.35], "texture": "#1"},
				"up": {"uv": [0, 0, 1, 7.5], "texture": "#1"},
				"down": {"uv": [0, 0, 1, 7.5], "texture": "#1"}
			}
		},
		{
			"from": [6, 10, 4.25],
			"to": [7, 10.35, 11.75],
			"rotation": {"angle": 22.5, "axis": "y", "origin": [6.5, 8.49643, 8]},
			"faces": {
				"north": {"uv": [0, 0, 1, 0.35], "texture": "#1"},
				"east": {"uv": [0, 0, 7.5, 0.35], "texture": "#1"},
				"south": {"uv": [0, 0, 1, 0.35], "texture": "#1"},
				"west": {"uv": [0, 0, 7.5, 0.35], "texture": "#1"},
				"up": {"uv": [0, 0, 1, 7.5], "texture": "#1"},
				"down": {"uv": [0, 0, 1, 7.5], "texture": "#1"}
			}
		},
		{
			"from": [5, 10, 4.25],
			"to": [6, 10.35, 11.75],
			"rotation": {"angle": 45, "axis": "y", "origin": [6.5, 8.49643, 8]},
			"faces": {
				"north": {"uv": [0, 0, 1, 0.35], "texture": "#1"},
				"east": {"uv": [0, 0, 7.5, 0.35], "texture": "#1"},
				"south": {"uv": [0, 0, 1, 0.35], "texture": "#1"},
				"west": {"uv": [0, 0, 7.5, 0.35], "texture": "#1"},
				"up": {"uv": [0, 0, 1, 7.5], "texture": "#1"},
				"down": {"uv": [0, 0, 1, 7.5], "texture": "#1"}
			}
		},
		{
			"from": [3.57843, 10, 8.67157],
			"to": [11.07843, 10.35, 9.67157],
			"rotation": {"angle": 45, "axis": "y", "origin": [9.32843, 8.49643, 5.17157]},
			"faces": {
				"north": {"uv": [0, 0, 7.5, 0.35], "texture": "#1"},
				"east": {"uv": [0, 0, 1, 0.35], "texture": "#1"},
				"south": {"uv": [0, 0, 7.5, 0.35], "texture": "#1"},
				"west": {"uv": [0, 0, 1, 0.35], "texture": "#1"},
				"up": {"uv": [0, 0, 1, 7.5], "rotation": 90, "texture": "#1"},
				"down": {"uv": [0, 0, 1, 7.5], "rotation": 270, "texture": "#1"}
			}
		},
		{
			"from": [9.3, 6.65, 4.25],
			"to": [10.3, 7, 11.75],
			"rotation": {"angle": -22.5, "axis": "y", "origin": [9.8, 9, 8]},
			"faces": {
				"north": {"uv": [0, 0, 1, 0.35], "rotation": 180, "texture": "#1"},
				"east": {"uv": [0, 0, 7.5, 0.35], "rotation": 180, "texture": "#1"},
				"south": {"uv": [0, 0, 1, 0.35], "rotation": 180, "texture": "#1"},
				"west": {"uv": [0, 0, 7.5, 0.35], "rotation": 180, "texture": "#1"},
				"up": {"uv": [0, 0, 1, 7.5], "texture": "#1"},
				"down": {"uv": [0, 0, 1, 7.5], "texture": "#1"}
			}
		},
		{
			"from": [7.5, 6.6, 4.25],
			"to": [8.5, 7, 11.75],
			"faces": {
				"north": {"uv": [0, 0, 1, 0.4], "texture": "#1"},
				"east": {"uv": [0, 0, 7.5, 0.4], "texture": "#1"},
				"south": {"uv": [0, 0, 1, 0.4], "texture": "#1"},
				"west": {"uv": [0, 0, 7.5, 0.4], "texture": "#1"},
				"up": {"uv": [0, 0, 1, 7.5], "texture": "#1"},
				"down": {"uv": [0, 0, 1, 7.5], "texture": "#1"}
			}
		},
		{
			"from": [6, 6.6, 4.25],
			"to": [7, 7, 11.75],
			"rotation": {"angle": 22.5, "axis": "y", "origin": [6.5, 8.49643, 8]},
			"faces": {
				"north": {"uv": [0, 0, 1, 0.4], "texture": "#1"},
				"east": {"uv": [0, 0, 7.5, 0.4], "texture": "#1"},
				"south": {"uv": [0, 0, 1, 0.4], "texture": "#1"},
				"west": {"uv": [0, 0, 7.5, 0.4], "texture": "#1"},
				"up": {"uv": [0, 0, 1, 7.5], "texture": "#1"},
				"down": {"uv": [0, 0, 1, 7.5], "texture": "#1"}
			}
		},
		{
			"from": [5, 6.6, 4.25],
			"to": [6, 7, 11.75],
			"rotation": {"angle": 45, "axis": "y", "origin": [6.5, 8.49643, 8]},
			"faces": {
				"north": {"uv": [0, 0, 1, 0.4], "texture": "#1"},
				"east": {"uv": [0, 0, 7.5, 0.4], "texture": "#1"},
				"south": {"uv": [0, 0, 1, 0.4], "texture": "#1"},
				"west": {"uv": [0, 0, 7.5, 0.4], "texture": "#1"},
				"up": {"uv": [0, 0, 1, 7.5], "texture": "#1"},
				"down": {"uv": [0, 0, 1, 7.5], "texture": "#1"}
			}
		},
		{
			"from": [3.57843, 6.6, 8.67157],
			"to": [11.07843, 7, 9.67157],
			"rotation": {"angle": 45, "axis": "y", "origin": [9.32843, 8.49643, 5.17157]},
			"faces": {
				"north": {"uv": [0, 0, 7.5, 0.4], "texture": "#1"},
				"east": {"uv": [0, 0, 1, 0.4], "texture": "#1"},
				"south": {"uv": [0, 0, 7.5, 0.4], "texture": "#1"},
				"west": {"uv": [0, 0, 1, 0.4], "texture": "#1"},
				"up": {"uv": [0, 0, 1, 7.5], "rotation": 90, "texture": "#1"},
				"down": {"uv": [0, 0, 1, 7.5], "rotation": 270, "texture": "#1"}
			}
		},
		{
			"from": [9.3, 10, 4.25],
			"to": [10.3, 10.4, 11.75],
			"rotation": {"angle": -22.5, "axis": "y", "origin": [9.8, 9, 8]},
			"faces": {
				"north": {"uv": [0, 0, 1, 0.4], "rotation": 180, "texture": "#1"},
				"east": {"uv": [0, 0, 7.5, 0.4], "rotation": 180, "texture": "#1"},
				"south": {"uv": [0, 0, 1, 0.4], "rotation": 180, "texture": "#1"},
				"west": {"uv": [0, 0, 7.5, 0.4], "rotation": 180, "texture": "#1"},
				"up": {"uv": [0, 0, 1, 7.5], "texture": "#1"},
				"down": {"uv": [0, 0, 1, 7.5], "texture": "#1"}
			}
		},
		{
			"from": [7.45, 7, 5.5],
			"to": [8.45, 10, 10.5],
			"faces": {
				"east": {"uv": [0, 0, 16, 16], "texture": "#0"},
				"west": {"uv": [0, 0, 16, 16], "texture": "#0"}
			}
		},
		{
			"from": [7.45, 7, 5.5],
			"to": [8.45, 10, 10.5],
			"faces": {
				"east": {"uv": [0, 0, 16, 16], "texture": "#0"},
				"west": {"uv": [0, 0, 16, 16], "texture": "#0"}
			}
		},
		{
			"from": [5.95, 7, 5.5],
			"to": [6.95, 10, 10.5],
			"rotation": {"angle": 22.5, "axis": "y", "origin": [6.5, 8.49643, 8]},
			"faces": {
				"east": {"uv": [0, 0, 16, 16], "texture": "#0"},
				"west": {"uv": [0, 0, 16, 16], "texture": "#0"}
			}
		},
		{
			"from": [4.95, 7, 5.5],
			"to": [5.95, 10, 10.5],
			"rotation": {"angle": 45, "axis": "y", "origin": [6.5, 8.49643, 8]},
			"faces": {
				"east": {"uv": [0, 0, 16, 16], "texture": "#0"},
				"west": {"uv": [0, 0, 16, 16], "texture": "#0"}
			}
		},
		{
			"from": [4.82843, 7, 8.62157],
			"to": [9.82843, 10, 9.62157],
			"rotation": {"angle": 45, "axis": "y", "origin": [9.32843, 8.49643, 5.17157]},
			"faces": {
				"north": {"uv": [0, 0, 16, 16], "texture": "#0"},
				"south": {"uv": [0, 0, 16, 16], "texture": "#0"}
			}
		},
		{
			"from": [9.25, 7, 5.5],
			"to": [10.25, 10, 10.5],
			"rotation": {"angle": -22.5, "axis": "y", "origin": [9.8, 9, 8]},
			"faces": {
				"east": {"uv": [0, 0, 16, 16], "rotation": 180, "texture": "#0"},
				"west": {"uv": [0, 0, 16, 16], "rotation": 180, "texture": "#0"}
			}
		},
		{
			"from": [7.55, 7, 5.5],
			"to": [8.55, 10, 10.5],
			"faces": {
				"east": {"uv": [0, 0, 16, 16], "texture": "#0"},
				"west": {"uv": [0, 0, 16, 16], "texture": "#0"}
			}
		},
		{
			"from": [7.55, 7, 5.5],
			"to": [8.55, 10, 10.5],
			"faces": {
				"east": {"uv": [0, 0, 16, 16], "texture": "#0"},
				"west": {"uv": [0, 0, 16, 16], "texture": "#0"}
			}
		},
		{
			"from": [6.05, 7, 5.5],
			"to": [7.05, 10, 10.5],
			"rotation": {"angle": 22.5, "axis": "y", "origin": [6.5, 8.49643, 8]},
			"faces": {
				"east": {"uv": [0, 0, 16, 16], "texture": "#0"},
				"west": {"uv": [0, 0, 16, 16], "texture": "#0"}
			}
		},
		{
			"from": [5.05, 7, 5.5],
			"to": [6.05, 10, 10.5],
			"rotation": {"angle": 45, "axis": "y", "origin": [6.5, 8.49643, 8]},
			"faces": {
				"east": {"uv": [0, 0, 16, 16], "texture": "#0"},
				"west": {"uv": [0, 0, 16, 16], "texture": "#0"}
			}
		},
		{
			"from": [4.82843, 7, 8.72157],
			"to": [9.82843, 10, 9.72157],
			"rotation": {"angle": 45, "axis": "y", "origin": [9.32843, 8.49643, 5.17157]},
			"faces": {
				"north": {"uv": [0, 0, 16, 16], "texture": "#0"},
				"south": {"uv": [0, 0, 16, 16], "texture": "#0"}
			}
		},
		{
			"from": [9.35, 7, 5.5],
			"to": [10.35, 10, 10.5],
			"rotation": {"angle": -22.5, "axis": "y", "origin": [9.8, 9, 8]},
			"faces": {
				"east": {"uv": [0, 0, 16, 16], "rotation": 180, "texture": "#0"},
				"west": {"uv": [0, 0, 16, 16], "rotation": 180, "texture": "#0"}
			}
		}
	],
	"display": {
		"thirdperson_righthand": {
			"rotation": [15, 0, -12.25],
			"translation": [0, -0.25, 0.5]
		},
		"thirdperson_lefthand": {
			"rotation": [26.5, 0, -10.75]
		},
		"firstperson_righthand": {
			"rotation": [0, 40, 0],
			"translation": [0, 2.5, 1]
		},
		"firstperson_lefthand": {
			"rotation": [0, 24.75, 0],
			"translation": [0, 1.5, 1.25]
		},
		"gui": {
			"rotation": [60, -105.25, 8.5],
			"translation": [0.5, -0.5, 0]
		}
	}
}