{
	"credit": "Made with Blockbench",
	"textures": {
		"3": "items/ak47a03",
		"4": "items/red",
		"5": "items/brown",
		"6": "items/bbbr",
		"7": "items/aaar",
		"8": "items/a01",
		"particle": "Documents/2"
	},
	"elements": [
		{
			"from": [7.15, 9.7, -1.1],
			"to": [8.85, 11.3, -1],
			"faces": {
				"north": {"uv": [0, 0, 0.9, 0.8], "texture": "#4"},
				"east": {"uv": [0, 0, 0.5, 0.8], "texture": "#4"},
				"south": {"uv": [0, 0, 0.9, 0.8], "texture": "#4"},
				"west": {"uv": [0, 0, 0.5, 0.8], "texture": "#4"},
				"up": {"uv": [0, 0, 0.9, 0.5], "texture": "#4"},
				"down": {"uv": [0, 0, 0.9, 0.5], "texture": "#4"}
			}
		},
		{
			"from": [7.75, 10.2, -1.4],
			"to": [8.25, 10.8, -1],
			"faces": {
				"north": {"uv": [0, 0, 0.9, 0.8], "texture": "#7"},
				"east": {"uv": [0, 0, 0.5, 0.8], "texture": "#7"},
				"south": {"uv": [0, 0, 0.9, 0.8], "texture": "#7"},
				"west": {"uv": [0, 0, 0.5, 0.8], "texture": "#7"},
				"up": {"uv": [0, 0, 0.9, 0.5], "texture": "#7"},
				"down": {"uv": [0, 0, 0.9, 0.5], "texture": "#7"}
			}
		},
		{
			"from": [7.1, 7, 17.5],
			"to": [8.9, 11.3, 18],
			"faces": {
				"north": {"uv": [0, 0, 1.8, 4.3], "texture": "#6"},
				"east": {"uv": [0, 0, 0.5, 4.3], "texture": "#6"},
				"south": {"uv": [0, 0, 1.8, 4.3], "texture": "#6"},
				"west": {"uv": [0, 0, 0.5, 4.3], "texture": "#6"},
				"up": {"uv": [0, 0, 1.8, 0.5], "texture": "#6"},
				"down": {"uv": [0, 0, 1.8, 0.5], "texture": "#6"}
			}
		},
		{
			"from": [8.45, 9.7, 7.8],
			"to": [8.9, 11.3, 17.5],
			"faces": {
				"north": {"uv": [0, 0, 0.45, 1.6], "texture": "#6"},
				"east": {"uv": [0, 0, 9.7, 1.6], "texture": "#6"},
				"south": {"uv": [0, 0, 0.45, 1.6], "texture": "#6"},
				"west": {"uv": [0, 0, 9.7, 1.6], "texture": "#6"},
				"up": {"uv": [0, 0, 0.45, 9.7], "texture": "#6"},
				"down": {"uv": [0, 0, 0.45, 9.7], "texture": "#6"}
			}
		},
		{
			"from": [7.1, 9.6, 7.8],
			"to": [7.55, 11.3, 17.5],
			"faces": {
				"north": {"uv": [0, 0, 0.45, 1.7], "texture": "#6"},
				"east": {"uv": [0, 0, 9.7, 1.7], "texture": "#6"},
				"south": {"uv": [0, 0, 0.45, 1.7], "texture": "#6"},
				"west": {"uv": [0, 0, 9.7, 1.7], "texture": "#6"},
				"up": {"uv": [0, 0, 0.45, 9.7], "texture": "#6"},
				"down": {"uv": [0, 0, 0.45, 9.7], "texture": "#6"}
			}
		},
		{
			"from": [7.099, 7, 16.75],
			"to": [7.449, 9.6, 17.5],
			"faces": {
				"north": {"uv": [0, 0, 0.35, 2.6], "texture": "#6"},
				"east": {"uv": [0, 0, 0.75, 2.6], "texture": "#6"},
				"south": {"uv": [0, 0, 0.35, 2.6], "texture": "#6"},
				"west": {"uv": [0, 0, 0.75, 2.6], "texture": "#6"},
				"up": {"uv": [0, 0, 0.35, 0.75], "texture": "#6"},
				"down": {"uv": [0, 0, 0.35, 0.75], "texture": "#6"}
			}
		},
		{
			"from": [7.5, 6.3, 6.9],
			"to": [8.5, 9.7, 7.7],
			"faces": {
				"north": {"uv": [0, 0, 1, 3.4], "texture": "#8"},
				"east": {"uv": [0, 0, 0.8, 3.4], "texture": "#8"},
				"south": {"uv": [0, 0, 1, 3.4], "texture": "#8"},
				"west": {"uv": [0, 0, 0.8, 3.4], "texture": "#8"},
				"up": {"uv": [0, 0, 1, 0.8], "texture": "#8"},
				"down": {"uv": [0, 0, 1, 0.8], "texture": "#8"}
			}
		},
		{
			"from": [8.55, 7, 16.75],
			"to": [8.9, 9.7, 17.5],
			"faces": {
				"north": {"uv": [0, 0, 0.35, 2.7], "texture": "#6"},
				"east": {"uv": [0, 0, 0.75, 2.7], "texture": "#6"},
				"south": {"uv": [0, 0, 0.35, 2.7], "texture": "#6"},
				"west": {"uv": [0, 0, 0.75, 2.7], "texture": "#6"},
				"up": {"uv": [0, 0, 0.35, 0.75], "texture": "#6"},
				"down": {"uv": [0, 0, 0.35, 0.75], "texture": "#6"}
			}
		},
		{
			"from": [7.45, 7, 16.8],
			"to": [8.55, 7.4, 17.5],
			"faces": {
				"north": {"uv": [0, 0, 1.1, 0.4], "texture": "#6"},
				"east": {"uv": [0, 0, 0.7, 0.4], "texture": "#6"},
				"south": {"uv": [0, 0, 1.1, 0.4], "texture": "#6"},
				"west": {"uv": [0, 0, 0.7, 0.4], "texture": "#6"},
				"up": {"uv": [0, 0, 1.1, 0.7], "texture": "#6"},
				"down": {"uv": [0, 0, 1.1, 0.7], "texture": "#6"}
			}
		},
		{
			"from": [7.3, 11.2, 8.3],
			"to": [8.7, 13.1, 8.9],
			"rotation": {"angle": -22.5, "axis": "x", "origin": [8, 8, 8]},
			"faces": {
				"north": {"uv": [0, 0, 1.4, 1.9], "texture": "#3"},
				"east": {"uv": [0, 0, 0.6, 1.9], "texture": "#3"},
				"south": {"uv": [0, 0, 1.4, 1.9], "texture": "#3"},
				"west": {"uv": [0, 0, 0.6, 1.9], "texture": "#3"},
				"up": {"uv": [0, 0, 1.4, 0.6], "texture": "#3"},
				"down": {"uv": [0, 0, 1.4, 0.6], "texture": "#missing"}
			}
		},
		{
			"from": [7.5, 11.2, 7.8],
			"to": [8.5, 11.3, 17.5],
			"faces": {
				"north": {"uv": [0, 0, 0.9, 0.1], "texture": "#6"},
				"east": {"uv": [0, 0, 9.7, 0.1], "texture": "#missing"},
				"south": {"uv": [0, 0, 0.9, 0.1], "texture": "#6"},
				"west": {"uv": [0, 0, 9.7, 0.1], "texture": "#6"},
				"up": {"uv": [0, 0, 0.9, 9.7], "texture": "#6"},
				"down": {"uv": [0, 0, 0.9, 9.7], "texture": "#6"}
			}
		},
		{
			"from": [7.5, 8.3, 4.4],
			"to": [8.5, 8.5, 6.9],
			"faces": {
				"north": {"uv": [0, 0, 1, 0.2], "rotation": 180, "texture": "#8"},
				"east": {"uv": [0, 0, 0.2, 2.5], "rotation": 270, "texture": "#8"},
				"south": {"uv": [0, 0, 1, 0.2], "texture": "#8"},
				"west": {"uv": [0, 0, 0.2, 2.5], "rotation": 90, "texture": "#8"},
				"up": {"uv": [0, 0, 1, 2.5], "rotation": 180, "texture": "#8"},
				"down": {"uv": [0, 0, 1, 2.5], "texture": "#8"}
			}
		},
		{
			"from": [7.5, 12.2, 0.5],
			"to": [8.5, 13, 0.8],
			"rotation": {"angle": -22.5, "axis": "x", "origin": [8, 8, 8]},
			"faces": {
				"north": {"uv": [0, 0, 1, 1.5], "rotation": 180, "texture": "#6"},
				"east": {"uv": [0, 0, 0.3, 1.5], "rotation": 180, "texture": "#6"},
				"south": {"uv": [0, 0, 1, 1.5], "rotation": 180, "texture": "#6"},
				"west": {"uv": [0, 0, 0.3, 1.5], "rotation": 180, "texture": "#6"},
				"up": {"uv": [0, 0, 1, 0.3], "texture": "#6"},
				"down": {"uv": [0, 0, 1, 0.3], "texture": "#6"}
			}
		},
		{
			"from": [7.6, 7.80768, 0.80589],
			"to": [8.4, 9.90768, 1.20589],
			"rotation": {"angle": 0, "axis": "x", "origin": [7.98873, 8.86729, 2.40356]},
			"faces": {
				"north": {"uv": [0, 0, 1, 2.1], "rotation": 180, "texture": "#8"},
				"east": {"uv": [0, 0, 0.4, 2.1], "rotation": 180, "texture": "#8"},
				"south": {"uv": [0, 0, 1, 2.1], "rotation": 180, "texture": "#8"},
				"west": {"uv": [0, 0, 0.4, 2.1], "rotation": 180, "texture": "#8"},
				"up": {"uv": [0, 0, 1, 0.4], "texture": "#8"},
				"down": {"uv": [0, 0, 1, 0.4], "texture": "#8"}
			}
		},
		{
			"from": [7.15, 10.4, -1],
			"to": [8.85, 11.3, 4.4],
			"faces": {
				"north": {"uv": [0, 0, 1.7, 0.9], "texture": "#3"},
				"east": {"uv": [0, 0, 5.4, 0.9], "texture": "#3"},
				"south": {"uv": [0, 0, 1.7, 0.9], "texture": "#3"},
				"west": {"uv": [0, 0, 5.4, 0.9], "texture": "#3"},
				"up": {"uv": [0, 0, 1.7, 5.4], "texture": "#3"},
				"down": {"uv": [0, 0, 1.7, 5.4], "texture": "#3"}
			}
		},
		{
			"from": [7.5, 9.7, 4.7],
			"to": [8.5, 11.2, 4.9],
			"rotation": {"angle": -22.5, "axis": "x", "origin": [8, 8, 8]},
			"faces": {
				"north": {"uv": [0, 0, 1, 1.5], "rotation": 180, "texture": "#8"},
				"east": {"uv": [0, 0, 0.2, 1.5], "rotation": 180, "texture": "#8"},
				"south": {"uv": [0, 0, 1, 1.5], "rotation": 180, "texture": "#8"},
				"west": {"uv": [0, 0, 0.2, 1.5], "rotation": 180, "texture": "#8"},
				"up": {"uv": [0, 0, 1, 0.2], "texture": "#8"},
				"down": {"uv": [0, 0, 1, 0.2], "texture": "#8"}
			}
		},
		{
			"from": [7.9, 7.9, 5.3],
			"to": [8.2, 8.9, 5.5],
			"rotation": {"angle": 22.5, "axis": "x", "origin": [8, 8, 8]},
			"faces": {
				"north": {"uv": [0, 0, 0.3, 1], "rotation": 180, "texture": "#5"},
				"east": {"uv": [0, 0, 0.2, 1], "rotation": 180, "texture": "#5"},
				"south": {"uv": [0, 0, 0.3, 1], "rotation": 180, "texture": "#5"},
				"west": {"uv": [0, 0, 0.2, 1], "rotation": 180, "texture": "#5"},
				"up": {"uv": [0, 0, 0.3, 0.2], "texture": "#5"},
				"down": {"uv": [0, 0, 0.3, 0.2], "texture": "#5"}
			}
		},
		{
			"from": [7.5, 3.8, 7],
			"to": [8.5, 6.3, 7.6],
			"faces": {
				"north": {"uv": [0, 0, 1, 2.5], "texture": "#8"},
				"east": {"uv": [0, 0, 1, 2.5], "texture": "#8"},
				"south": {"uv": [0, 0, 1, 2.5], "texture": "#8"},
				"west": {"uv": [0, 0, 1, 2.5], "texture": "#8"},
				"up": {"uv": [0, 0, 1, 2.5], "texture": "#8"},
				"down": {"uv": [0, 0, 1, 2.5], "texture": "#8"}
			}
		},
		{
			"from": [7.3, 11.3, 1.3],
			"to": [8.7, 12.4, 1.9],
			"faces": {
				"north": {"uv": [0, 0, 1.4, 1.1], "texture": "#3"},
				"east": {"uv": [0, 0, 0.6, 1.1], "texture": "#3"},
				"south": {"uv": [0, 0, 1.4, 1.1], "texture": "#3"},
				"west": {"uv": [0, 0, 0.6, 1.1], "texture": "#3"},
				"up": {"uv": [0, 0, 1.4, 0.6], "texture": "#3"},
				"down": {"uv": [0, 0, 1.4, 0.6], "texture": "#missing"}
			}
		},
		{
			"from": [7.3, 12.4, -0.5],
			"to": [8.7, 13, 6.9],
			"faces": {
				"north": {"uv": [0, 0, 1.4, 0.6], "rotation": 180, "texture": "#3"},
				"east": {"uv": [0, 0, 0.6, 7.4], "rotation": 270, "texture": "#3"},
				"south": {"uv": [0, 0, 1.4, 0.6], "texture": "#3"},
				"west": {"uv": [0, 0, 0.6, 7.4], "rotation": 90, "texture": "#3"},
				"up": {"uv": [0, 0, 1.4, 7.4], "rotation": 180, "texture": "#3"},
				"down": {"uv": [0, 0, 1.4, 7.4], "texture": "#3"}
			}
		},
		{
			"from": [7.5, 3.5, 6.8],
			"to": [8.5, 3.8, 7.6],
			"faces": {
				"north": {"uv": [0, 0, 1, 1], "texture": "#8"},
				"east": {"uv": [0, 0, 1, 1], "texture": "#8"},
				"south": {"uv": [0, 0, 1, 1], "texture": "#8"},
				"west": {"uv": [0, 0, 1, 1], "texture": "#8"},
				"up": {"uv": [0, 0, 1, 1], "texture": "#8"},
				"down": {"uv": [0, 0, 1, 1], "texture": "#8"}
			}
		},
		{
			"from": [7.15, 9.7, -1],
			"to": [8.85, 10.4, 3.6],
			"faces": {
				"north": {"uv": [0, 0, 1.7, 0.7], "texture": "#8"},
				"east": {"uv": [0, 0, 8.8, 0.7], "texture": "#8"},
				"south": {"uv": [0, 0, 1.7, 0.7], "texture": "#8"},
				"west": {"uv": [0, 0, 8.8, 0.7], "texture": "#8"},
				"up": {"uv": [0, 0, 1.7, 8.8], "texture": "#8"},
				"down": {"uv": [0, 0, 1.7, 8.8], "texture": "#8"}
			}
		},
		{
			"from": [7.15, 10.4, 4.4],
			"to": [8.85, 11.3, 7.8],
			"faces": {
				"north": {"uv": [0, 0, 1.7, 0.9], "texture": "#3"},
				"east": {"uv": [0, 0, 3.4, 0.9], "texture": "#3"},
				"south": {"uv": [0, 0, 1.7, 0.9], "texture": "#3"},
				"west": {"uv": [0, 0, 3.4, 0.9], "texture": "#3"},
				"up": {"uv": [0, 0, 1.7, 3.4], "texture": "#3"},
				"down": {"uv": [0, 0, 1.7, 3.4], "texture": "#3"}
			}
		},
		{
			"from": [7.15, 9.6, 3.6],
			"to": [8.85, 10.4, 7.8],
			"faces": {
				"north": {"uv": [0, 0, 1.7, 0.9], "texture": "#8"},
				"east": {"uv": [0, 0, 3.4, 0.9], "texture": "#4"},
				"south": {"uv": [0, 0, 1.7, 0.9], "texture": "#3"},
				"west": {"uv": [0, 0, 3.4, 0.9], "texture": "#4"},
				"up": {"uv": [0, 0, 1.7, 3.4], "texture": "#3"},
				"down": {"uv": [0, 0, 1.7, 3.4], "texture": "#8"}
			}
		}
	],
	"display": {
		"thirdperson_righthand": {
			"translation": [0, -1.75, 2]
		},
		"firstperson_righthand": {
			"translation": [0, 0.75, 2]
		},
		"gui": {
			"rotation": [20.5, -100.75, 0],
			"translation": [0.25, 0, 0],
			"scale": [0.57813, 1.2018, 0.69]
		}
	}
}