{
	"credit": "Made with Blockbench",
	"textures": {
		"0": "items/awm",
		"1": "items/texture",
		"2": "items/grrennn",
		"particle": "items/awm"
	},
	"elements": [
		{
			"from": [7.4, 2, 7.4],
			"to": [7.5, 2.3, 8.6],
			"rotation": {"angle": 0, "axis": "y", "origin": [7.45, 2.15, 8]},
			"faces": {
				"north": {"uv": [0, 0, 1, 12], "texture": "#0"},
				"east": {"uv": [0, 0, 1, 12], "texture": "#0"},
				"south": {"uv": [0, 0, 1, 12], "texture": "#0"},
				"west": {"uv": [0, 0, 1, 12], "texture": "#0"},
				"up": {"uv": [0, 0, 1, 1], "texture": "#0"},
				"down": {"uv": [0, 0, 1, 1], "texture": "#0"}
			}
		},
		{
			"from": [7.5, 2, 7.4],
			"to": [8.5, 2.3, 7.5],
			"rotation": {"angle": 0, "axis": "y", "origin": [7.45, 2.15, 8]},
			"faces": {
				"north": {"uv": [0, 0, 1, 12], "texture": "#0"},
				"east": {"uv": [0, 0, 1, 12], "texture": "#0"},
				"south": {"uv": [0, 0, 1, 12], "texture": "#0"},
				"west": {"uv": [0, 0, 1, 12], "texture": "#0"},
				"up": {"uv": [0, 0, 1, 1], "rotation": 90, "texture": "#0"},
				"down": {"uv": [0, 0, 1, 1], "rotation": 270, "texture": "#0"}
			}
		},
		{
			"from": [7.5, 2, 8.5],
			"to": [8.5, 2.3, 8.6],
			"rotation": {"angle": 0, "axis": "y", "origin": [7.45, 2.15, 8]},
			"faces": {
				"north": {"uv": [0, 0, 1, 12], "texture": "#0"},
				"east": {"uv": [0, 0, 1, 12], "texture": "#0"},
				"south": {"uv": [0, 0, 1, 12], "texture": "#0"},
				"west": {"uv": [0, 0, 1, 12], "texture": "#0"},
				"up": {"uv": [0, 0, 1, 1], "rotation": 90, "texture": "#0"},
				"down": {"uv": [0, 0, 1, 1], "rotation": 270, "texture": "#0"}
			}
		},
		{
			"from": [8.5, 2, 7.4],
			"to": [8.6, 2.3, 8.6],
			"faces": {
				"north": {"uv": [0, 0, 1, 12], "texture": "#0"},
				"east": {"uv": [0, 0, 1, 12], "texture": "#0"},
				"south": {"uv": [0, 0, 1, 12], "texture": "#0"},
				"west": {"uv": [0, 0, 1, 12], "texture": "#0"},
				"up": {"uv": [0, 0, 1, 1], "texture": "#0"},
				"down": {"uv": [0, 0, 1, 1], "texture": "#0"}
			}
		},
		{
			"from": [7.5, 2, 7.5],
			"to": [8.5, 2.3, 8.5],
			"faces": {
				"north": {"uv": [0, 0, 1, 12], "texture": "#0"},
				"east": {"uv": [0, 0, 1, 12], "texture": "#0"},
				"south": {"uv": [0, 0, 1, 12], "texture": "#0"},
				"west": {"uv": [0, 0, 1, 12], "texture": "#0"},
				"up": {"uv": [0, 0, 1, 1], "texture": "#0"},
				"down": {"uv": [0, 0, 1, 1], "texture": "#1"}
			}
		},
		{
			"from": [7.5, 2.3, 7.5],
			"to": [8.5, 5.6, 8.5],
			"faces": {
				"north": {"uv": [0, 0, 1, 12], "texture": "#0"},
				"east": {"uv": [0, 0, 1, 12], "texture": "#0"},
				"south": {"uv": [0, 0, 1, 12], "texture": "#0"},
				"west": {"uv": [0, 0, 1, 12], "texture": "#0"},
				"up": {"uv": [0, 0, 1, 1], "texture": "#0"},
				"down": {"uv": [0, 0, 1, 1], "texture": "#0"}
			}
		},
		{
			"from": [7.5, 5.9, 7.5],
			"to": [8.5, 9.2, 8.5],
			"rotation": {"angle": 0, "axis": "y", "origin": [8, 11.6, 8]},
			"faces": {
				"north": {"uv": [0, 0, 1, 12], "texture": "#0"},
				"east": {"uv": [0, 0, 1, 12], "texture": "#0"},
				"south": {"uv": [0, 0, 1, 12], "texture": "#0"},
				"west": {"uv": [0, 0, 1, 12], "texture": "#0"},
				"up": {"uv": [0, 0, 1, 1], "texture": "#0"},
				"down": {"uv": [0, 0, 1, 1], "texture": "#0"}
			}
		},
		{
			"from": [7.5, 9.4, 7.5],
			"to": [8.5, 12.7, 8.5],
			"rotation": {"angle": 0, "axis": "y", "origin": [8, 15.1, 8]},
			"faces": {
				"north": {"uv": [0, 0, 1, 12], "texture": "#0"},
				"east": {"uv": [0, 0, 1, 12], "texture": "#0"},
				"south": {"uv": [0, 0, 1, 12], "texture": "#0"},
				"west": {"uv": [0, 0, 1, 12], "texture": "#0"},
				"up": {"uv": [0, 0, 1, 1], "texture": "#0"},
				"down": {"uv": [0, 0, 1, 1], "texture": "#0"}
			}
		},
		{
			"from": [7.5, 12.9, 7.5],
			"to": [8.5, 16.2, 8.5],
			"rotation": {"angle": 0, "axis": "y", "origin": [8, 18.6, 8]},
			"faces": {
				"north": {"uv": [0, 0, 1, 12], "texture": "#0"},
				"east": {"uv": [0, 0, 1, 12], "texture": "#0"},
				"south": {"uv": [0, 0, 1, 12], "texture": "#0"},
				"west": {"uv": [0, 0, 1, 12], "texture": "#0"},
				"up": {"uv": [0, 0, 1, 1], "texture": "#0"},
				"down": {"uv": [0, 0, 1, 1], "texture": "#0"}
			}
		},
		{
			"from": [8.15, 16.4, 7.75],
			"to": [8.3, 19.2, 8.25],
			"rotation": {"angle": 0, "axis": "y", "origin": [8, 18.6, 8]},
			"faces": {
				"north": {"uv": [0, 0, 1, 12], "texture": "#0"},
				"east": {"uv": [0, 0, 1, 12], "texture": "#0"},
				"south": {"uv": [0, 0, 1, 12], "texture": "#0"},
				"west": {"uv": [0, 0, 1, 12], "texture": "#0"},
				"up": {"uv": [0, 0, 1, 1], "texture": "#0"},
				"down": {"uv": [0, 0, 1, 1], "texture": "#0"}
			}
		},
		{
			"from": [8, 16.4, 7.5],
			"to": [8.15, 20.2, 8.5],
			"rotation": {"angle": 0, "axis": "y", "origin": [8, 18.6, 8]},
			"faces": {
				"north": {"uv": [0, 0, 1, 12], "texture": "#0"},
				"east": {"uv": [0, 0, 1, 12], "texture": "#0"},
				"south": {"uv": [0, 0, 1, 12], "texture": "#0"},
				"west": {"uv": [0, 0, 1, 12], "texture": "#0"},
				"up": {"uv": [0, 0, 1, 1], "texture": "#0"},
				"down": {"uv": [0, 0, 1, 1], "texture": "#0"}
			}
		},
		{
			"from": [7.85, 16.4, 7.5],
			"to": [8, 20.2, 8.5],
			"rotation": {"angle": 0, "axis": "y", "origin": [8, 18.6, 8]},
			"faces": {
				"north": {"uv": [0, 0, 1, 12], "texture": "#0"},
				"east": {"uv": [0, 0, 1, 12], "texture": "#0"},
				"south": {"uv": [0, 0, 1, 12], "texture": "#0"},
				"west": {"uv": [0, 0, 1, 12], "texture": "#0"},
				"up": {"uv": [0, 0, 1, 1], "texture": "#0"},
				"down": {"uv": [0, 0, 1, 1], "texture": "#0"}
			}
		},
		{
			"from": [7.95, 20.15, 7.75],
			"to": [8, 21.45, 8.25],
			"rotation": {"angle": 0, "axis": "y", "origin": [8, 18.6, 8]},
			"faces": {
				"north": {"uv": [0, 0, 1, 12], "texture": "#0"},
				"east": {"uv": [0, 0, 1, 12], "texture": "#0"},
				"south": {"uv": [0, 0, 1, 12], "texture": "#0"},
				"west": {"uv": [0, 0, 1, 12], "texture": "#0"},
				"up": {"uv": [0, 0, 1, 1], "texture": "#0"},
				"down": {"uv": [0, 0, 1, 1], "texture": "#0"}
			}
		},
		{
			"from": [7.7, 16.4, 7.75],
			"to": [7.85, 20.2, 8.25],
			"rotation": {"angle": 0, "axis": "y", "origin": [8, 18.6, 8]},
			"faces": {
				"north": {"uv": [0, 0, 1, 12], "texture": "#0"},
				"east": {"uv": [0, 0, 1, 12], "texture": "#0"},
				"south": {"uv": [0, 0, 1, 12], "texture": "#0"},
				"west": {"uv": [0, 0, 1, 12], "texture": "#0"},
				"up": {"uv": [0, 0, 1, 1], "texture": "#0"},
				"down": {"uv": [0, 0, 1, 1], "texture": "#0"}
			}
		},
		{
			"from": [7.4, 5.6, 7.4],
			"to": [8.6, 5.9, 8.6],
			"faces": {
				"north": {"uv": [0, 0, 1, 12], "texture": "#0"},
				"east": {"uv": [0, 0, 1, 12], "texture": "#0"},
				"south": {"uv": [0, 0, 1, 12], "texture": "#0"},
				"west": {"uv": [0, 0, 1, 12], "texture": "#0"},
				"up": {"uv": [0, 0, 1, 1], "texture": "#0"},
				"down": {"uv": [0, 0, 1, 1], "texture": "#0"}
			}
		},
		{
			"from": [7.4, 9.2, 7.4],
			"to": [8.6, 9.5, 8.6],
			"rotation": {"angle": 0, "axis": "y", "origin": [8, 11.6, 8]},
			"faces": {
				"north": {"uv": [0, 0, 1, 12], "texture": "#0"},
				"east": {"uv": [0, 0, 1, 12], "texture": "#0"},
				"south": {"uv": [0, 0, 1, 12], "texture": "#0"},
				"west": {"uv": [0, 0, 1, 12], "texture": "#0"},
				"up": {"uv": [0, 0, 1, 1], "texture": "#0"},
				"down": {"uv": [0, 0, 1, 1], "texture": "#0"}
			}
		},
		{
			"from": [7.4, 12.7, 7.4],
			"to": [8.6, 13, 8.6],
			"rotation": {"angle": 0, "axis": "y", "origin": [8, 15.1, 8]},
			"faces": {
				"north": {"uv": [0, 0, 1, 12], "texture": "#0"},
				"east": {"uv": [0, 0, 1, 12], "texture": "#0"},
				"south": {"uv": [0, 0, 1, 12], "texture": "#0"},
				"west": {"uv": [0, 0, 1, 12], "texture": "#0"},
				"up": {"uv": [0, 0, 1, 1], "texture": "#0"},
				"down": {"uv": [0, 0, 1, 1], "texture": "#0"}
			}
		},
		{
			"from": [7.4, 16.2, 7.4],
			"to": [8.6, 16.5, 8.6],
			"rotation": {"angle": 0, "axis": "y", "origin": [8, 18.6, 8]},
			"faces": {
				"north": {"uv": [0, 0, 1, 12], "texture": "#0"},
				"east": {"uv": [0, 0, 1, 12], "texture": "#0"},
				"south": {"uv": [0, 0, 1, 12], "texture": "#0"},
				"west": {"uv": [0, 0, 1, 12], "texture": "#0"},
				"up": {"uv": [0, 0, 1, 1], "texture": "#0"},
				"down": {"uv": [0, 0, 1, 1], "texture": "#0"}
			}
		},
		{
			"from": [8.25, 16.5, 7.5],
			"to": [8.5, 17, 7.75],
			"faces": {
				"north": {"uv": [0, 0, 0.25, 0.5], "texture": "#2"},
				"east": {"uv": [0, 0, 0.25, 0.5], "texture": "#2"},
				"south": {"uv": [0, 0, 0.25, 0.5], "texture": "#2"},
				"west": {"uv": [0, 0, 0.25, 0.5], "texture": "#2"},
				"up": {"uv": [0, 0, 0.25, 0.25], "texture": "#2"},
				"down": {"uv": [0, 0, 0.25, 0.25], "texture": "#2"}
			}
		},
		{
			"from": [8.5, 16.75, 7.25],
			"to": [8.75, 17.25, 7.5],
			"faces": {
				"north": {"uv": [0, 0, 0.25, 0.5], "texture": "#2"},
				"east": {"uv": [0, 0, 0.25, 0.5], "texture": "#2"},
				"south": {"uv": [0, 0, 0.25, 0.5], "texture": "#2"},
				"west": {"uv": [0, 0, 0.25, 0.5], "texture": "#2"},
				"up": {"uv": [0, 0, 0.25, 0.25], "texture": "#2"},
				"down": {"uv": [0, 0, 0.25, 0.25], "texture": "#2"}
			}
		},
		{
			"from": [8.75, 17, 7],
			"to": [9.5, 17.2, 7.25],
			"faces": {
				"north": {"uv": [0, 0, 0.75, 0.2], "texture": "#2"},
				"east": {"uv": [0, 0, 0.25, 0.2], "texture": "#2"},
				"south": {"uv": [0, 0, 0.75, 0.2], "texture": "#2"},
				"west": {"uv": [0, 0, 0.25, 0.2], "texture": "#2"},
				"up": {"uv": [0, 0, 0.75, 0.25], "texture": "#2"},
				"down": {"uv": [0, 0, 0.75, 0.25], "texture": "#2"}
			}
		},
		{
			"from": [8.5, 17, 6.25],
			"to": [9.75, 17.2, 7],
			"faces": {
				"north": {"uv": [0, 0, 1.25, 0.2], "texture": "#2"},
				"east": {"uv": [0, 0, 0.75, 0.2], "texture": "#2"},
				"south": {"uv": [0, 0, 1.25, 0.2], "texture": "#2"},
				"west": {"uv": [0, 0, 0.75, 0.2], "texture": "#2"},
				"up": {"uv": [0, 0, 1.25, 0.75], "texture": "#2"},
				"down": {"uv": [0, 0, 1.25, 0.75], "texture": "#2"}
			}
		},
		{
			"from": [8.75, 17, 5.75],
			"to": [9.65, 17.2, 6.25],
			"faces": {
				"north": {"uv": [0, 0, 0.9, 0.2], "texture": "#2"},
				"east": {"uv": [0, 0, 0.5, 0.2], "texture": "#2"},
				"south": {"uv": [0, 0, 0.9, 0.2], "texture": "#2"},
				"west": {"uv": [0, 0, 0.5, 0.2], "texture": "#2"},
				"up": {"uv": [0, 0, 0.9, 0.5], "texture": "#2"},
				"down": {"uv": [0, 0, 0.9, 0.5], "texture": "#2"}
			}
		},
		{
			"from": [8.9, 17, 5.25],
			"to": [9.55, 17.2, 5.75],
			"faces": {
				"north": {"uv": [0, 0, 0.65, 0.2], "texture": "#2"},
				"east": {"uv": [0, 0, 0.5, 0.2], "texture": "#2"},
				"south": {"uv": [0, 0, 0.65, 0.2], "texture": "#2"},
				"west": {"uv": [0, 0, 0.5, 0.2], "texture": "#2"},
				"up": {"uv": [0, 0, 0.65, 0.5], "texture": "#2"},
				"down": {"uv": [0, 0, 0.65, 0.5], "texture": "#2"}
			}
		},
		{
			"from": [9.05, 17, 4.75],
			"to": [9.45, 17.2, 5.25],
			"faces": {
				"north": {"uv": [0, 0, 0.4, 0.2], "texture": "#2"},
				"east": {"uv": [0, 0, 0.5, 0.2], "texture": "#2"},
				"south": {"uv": [0, 0, 0.4, 0.2], "texture": "#2"},
				"west": {"uv": [0, 0, 0.5, 0.2], "texture": "#2"},
				"up": {"uv": [0, 0, 0.4, 0.5], "texture": "#2"},
				"down": {"uv": [0, 0, 0.4, 0.5], "texture": "#2"}
			}
		}
	],
	"display": {
		"thirdperson_righthand": {
			"rotation": [0, -33, 0],
			"translation": [0, 0, 1.5]
		},
		"thirdperson_lefthand": {
			"translation": [0, 1.75, 1.5]
		},
		"firstperson_righthand": {
			"rotation": [-41, -51.75, 0],
			"translation": [3.25, 0, 0]
		},
		"gui": {
			"rotation": [0, 0, -34.5],
			"translation": [-0.5, -1.25, 0],
			"scale": [0.75586, 0.75586, 0.75586]
		}
	}
}