{
	"credit": "Made with Blockbench",
	"textures": {
		"0": "items/ak47a01",
		"1": "items/awm",
		"3": "items/grrennn",
		"particle": "items/ak47a01"
	},
	"elements": [
		{
			"from": [6.25, 6.5, 6.25],
			"to": [9.75, 8.5, 9.75],
			"faces": {
				"north": {"uv": [0, 0, 3.5, 2], "texture": "#1"},
				"east": {"uv": [0, 0, 3.5, 2], "texture": "#1"},
				"south": {"uv": [0, 0, 3.5, 2], "texture": "#1"},
				"west": {"uv": [0, 0, 3.5, 2], "texture": "#1"},
				"up": {"uv": [0, 0, 3.5, 3.5], "texture": "#1"},
				"down": {"uv": [0, 0, 3.5, 3.5], "texture": "#1"}
			}
		},
		{
			"from": [6.35, 6.3, 6.35],
			"to": [9.65, 8.7, 9.65],
			"faces": {
				"north": {"uv": [0, 0, 3.3, 2.4], "texture": "#3"},
				"east": {"uv": [0, 0, 3.3, 2.4], "texture": "#3"},
				"south": {"uv": [0, 0, 3.3, 2.4], "texture": "#3"},
				"west": {"uv": [0, 0, 3.3, 2.4], "texture": "#3"},
				"up": {"uv": [0, 0, 3.3, 3.3], "texture": "#3"},
				"down": {"uv": [0, 0, 3.3, 3.3], "texture": "#3"}
			}
		},
		{
			"from": [6.45, 6.2, 6.45],
			"to": [9.55, 8.8, 9.55],
			"faces": {
				"north": {"uv": [0, 0, 3.1, 2.6], "texture": "#1"},
				"east": {"uv": [0, 0, 3.1, 2.6], "texture": "#1"},
				"south": {"uv": [0, 0, 3.1, 2.6], "texture": "#1"},
				"west": {"uv": [0, 0, 3.1, 2.6], "texture": "#1"},
				"up": {"uv": [0, 0, 3.1, 3.1], "texture": "#1"},
				"down": {"uv": [0, 0, 3.1, 3.1], "texture": "#1"}
			}
		},
		{
			"from": [6.55, 6.1, 6.55],
			"to": [9.45, 8.9, 9.45],
			"faces": {
				"north": {"uv": [0, 0, 2.9, 2.8], "texture": "#1"},
				"east": {"uv": [0, 0, 2.9, 2.8], "texture": "#1"},
				"south": {"uv": [0, 0, 2.9, 2.8], "texture": "#1"},
				"west": {"uv": [0, 0, 2.9, 2.8], "texture": "#1"},
				"up": {"uv": [0, 0, 2.9, 2.9], "texture": "#1"},
				"down": {"uv": [0, 0, 2.9, 2.9], "texture": "#1"}
			}
		},
		{
			"from": [6.65, 6, 6.65],
			"to": [9.35, 9, 9.35],
			"faces": {
				"north": {"uv": [0, 0, 2.7, 3], "texture": "#1"},
				"east": {"uv": [0, 0, 2.7, 3], "texture": "#1"},
				"south": {"uv": [0, 0, 2.7, 3], "texture": "#1"},
				"west": {"uv": [0, 0, 2.7, 3], "texture": "#1"},
				"up": {"uv": [0, 0, 2.7, 2.7], "texture": "#1"},
				"down": {"uv": [0, 0, 2.7, 2.7], "texture": "#1"}
			}
		},
		{
			"from": [7.45, 6, 7.45],
			"to": [8.55, 9.7, 8.55],
			"faces": {
				"north": {"uv": [0, 0, 1.1, 3.7], "texture": "#1"},
				"east": {"uv": [0, 0, 1.1, 3.7], "texture": "#1"},
				"south": {"uv": [0, 0, 1.1, 3.7], "texture": "#1"},
				"west": {"uv": [0, 0, 1.1, 3.7], "texture": "#1"},
				"up": {"uv": [0, 0, 1.1, 1.1], "texture": "#1"},
				"down": {"uv": [0, 0, 1.1, 1.1], "texture": "#1"}
			}
		},
		{
			"from": [7.6, 8.2, 7.5],
			"to": [8.5, 10.2, 8.5],
			"faces": {
				"north": {"uv": [0, 0, 0.9, 2], "texture": "#0"},
				"east": {"uv": [0, 0, 1, 2], "texture": "#0"},
				"south": {"uv": [0, 0, 0.9, 2], "texture": "#0"},
				"west": {"uv": [0, 0, 1, 2], "texture": "#0"},
				"up": {"uv": [0, 0, 0.9, 1], "texture": "#0"},
				"down": {"uv": [0, 0, 0.9, 1], "texture": "#0"}
			}
		},
		{
			"from": [7.3, 9.9, 7.6],
			"to": [8.25, 10.8, 8.4],
			"rotation": {"angle": 45, "axis": "z", "origin": [7.99599, 10.29999, 8.00402]},
			"faces": {
				"north": {"uv": [0, 0, 0.95, 0.9], "texture": "#0"},
				"east": {"uv": [0, 0, 0.8, 0.9], "texture": "#0"},
				"south": {"uv": [0, 0, 0.95, 0.9], "texture": "#0"},
				"west": {"uv": [0, 0, 0.8, 0.9], "texture": "#0"},
				"up": {"uv": [0, 0, 0.95, 0.8], "texture": "#0"},
				"down": {"uv": [0, 0, 0.95, 0.8], "texture": "#0"}
			}
		},
		{
			"from": [6.43, 10.13, 7.6],
			"to": [7.83, 10.83, 8.4],
			"rotation": {"angle": 0, "axis": "z", "origin": [7.99599, 10.29999, 8.00402]},
			"faces": {
				"north": {"uv": [0, 0, 0.95, 0.9], "rotation": 90, "texture": "#0"},
				"east": {"uv": [0, 0, 0.95, 0.8], "rotation": 270, "texture": "#0"},
				"south": {"uv": [0, 0, 0.95, 0.9], "rotation": 270, "texture": "#0"},
				"west": {"uv": [0, 0, 0.95, 0.8], "rotation": 270, "texture": "#0"},
				"up": {"uv": [0, 0, 0.8, 0.9], "rotation": 270, "texture": "#0"},
				"down": {"uv": [0, 0, 0.8, 0.9], "rotation": 270, "texture": "#0"}
			}
		}
	],
	"display": {
		"thirdperson_righthand": {
			"rotation": [51.75, 104, -23],
			"translation": [0, 1, 0]
		},
		"firstperson_righthand": {
			"rotation": [0, 130.75, 0],
			"translation": [0, 2.75, 0]
		},
		"firstperson_lefthand": {
			"translation": [0, 4, 0]
		},
		"gui": {
			"rotation": [16.5, 165, 0],
			"translation": [-1, 0.5, 0]
		},
		"head": {
			"translation": [0, 0, -10.25]
		}
	}
}