{
	"credit": "Made with Blockbench",
	"textures": {
		"0": "items/black",
		"1": "items/greay",
		"2": "items/white",
		"particle": "items/black"
	},
	"elements": [
		{
			"from": [7.5, 6, 17.5],
			"to": [8.5, 9, 18.5],
			"rotation": {"angle": 0, "axis": "y", "origin": [8, 8, 10]},
			"faces": {
				"north": {"uv": [0, 0, 1, 3], "texture": "#1"},
				"east": {"uv": [0, 0, 1, 3], "texture": "#1"},
				"south": {"uv": [0, 0, 1, 3], "texture": "#1"},
				"west": {"uv": [0, 0, 1, 3], "texture": "#1"},
				"up": {"uv": [0, 0, 1, 1], "texture": "#1"},
				"down": {"uv": [0, 0, 1, 1], "texture": "#1"}
			}
		},
		{
			"from": [7.5, 6, 18.5],
			"to": [8.5, 10.5, 19.5],
			"rotation": {"angle": 0, "axis": "y", "origin": [8, 8, 10]},
			"faces": {
				"north": {"uv": [0, 0, 1, 4.5], "texture": "#1"},
				"east": {"uv": [0, 0, 1, 4.5], "texture": "#1"},
				"south": {"uv": [0, 0, 1, 4.5], "texture": "#1"},
				"west": {"uv": [0, 0, 1, 4.5], "texture": "#1"},
				"up": {"uv": [0, 0, 1, 1], "texture": "#1"},
				"down": {"uv": [0, 0, 1, 1], "texture": "#1"}
			}
		},
		{
			"from": [7.5, 8.5, 12.5],
			"to": [8.5, 10.5, 18.5],
			"rotation": {"angle": 0, "axis": "x", "origin": [8, 12, 18]},
			"faces": {
				"north": {"uv": [0, 0, 1, 2], "rotation": 180, "texture": "#1"},
				"east": {"uv": [0, 0, 2, 6], "rotation": 90, "texture": "#1"},
				"south": {"uv": [0, 0, 1, 2], "texture": "#1"},
				"west": {"uv": [0, 0, 2, 6], "rotation": 270, "texture": "#1"},
				"up": {"uv": [0, 0, 1, 6], "texture": "#1"},
				"down": {"uv": [0, 0, 1, 6], "rotation": 180, "texture": "#1"}
			}
		},
		{
			"from": [7.5, 8.5, 7.5],
			"to": [8.5, 10, 12.5],
			"rotation": {"angle": 0, "axis": "x", "origin": [8, 12, 16]},
			"faces": {
				"north": {"uv": [0, 0, 1, 1.5], "rotation": 180, "texture": "#1"},
				"east": {"uv": [0, 0, 1.5, 5], "rotation": 90, "texture": "#1"},
				"south": {"uv": [0, 0, 1, 1.5], "texture": "#1"},
				"west": {"uv": [0, 0, 1.5, 5], "rotation": 270, "texture": "#1"},
				"up": {"uv": [0, 0, 1, 5], "texture": "#1"},
				"down": {"uv": [0, 0, 1, 5], "rotation": 180, "texture": "#1"}
			}
		},
		{
			"from": [7.35, 8.5, 4.5],
			"to": [8.7, 10.5, 7.5],
			"rotation": {"angle": 0, "axis": "x", "origin": [8, 12, 16]},
			"faces": {
				"north": {"uv": [0, 0, 1.35, 2], "rotation": 180, "texture": "#1"},
				"east": {"uv": [0, 0, 2, 3], "rotation": 90, "texture": "#1"},
				"south": {"uv": [0, 0, 1.35, 2], "texture": "#1"},
				"west": {"uv": [0, 0, 2, 3], "rotation": 270, "texture": "#1"},
				"up": {"uv": [0, 0, 1.35, 3], "texture": "#1"},
				"down": {"uv": [0, 0, 1.35, 3], "rotation": 180, "texture": "#1"}
			}
		},
		{
			"from": [7.5, 6.5, 11.8],
			"to": [8.5, 8.5, 12.3],
			"rotation": {"angle": 0, "axis": "x", "origin": [8, 12, 16]},
			"faces": {
				"north": {"uv": [0, 0, 1, 2], "rotation": 180, "texture": "#1"},
				"east": {"uv": [0, 0, 2, 0.5], "rotation": 90, "texture": "#1"},
				"south": {"uv": [0, 0, 1, 2], "texture": "#1"},
				"west": {"uv": [0, 0, 2, 0.5], "rotation": 270, "texture": "#1"},
				"up": {"uv": [0, 0, 1, 0.5], "texture": "#1"},
				"down": {"uv": [0, 0, 1, 0.5], "rotation": 180, "texture": "#1"}
			}
		},
		{
			"from": [7.75, 8.8, 3.7],
			"to": [8.25, 9.3, 4.5],
			"rotation": {"angle": 0, "axis": "x", "origin": [8, 12, 16]},
			"faces": {
				"north": {"uv": [0, 0, 0.5, 0.5], "rotation": 180, "texture": "#1"},
				"east": {"uv": [0, 0, 0.5, 0.8], "rotation": 90, "texture": "#1"},
				"south": {"uv": [0, 0, 0.5, 0.5], "texture": "#1"},
				"west": {"uv": [0, 0, 0.5, 0.8], "rotation": 270, "texture": "#1"},
				"up": {"uv": [0, 0, 0.5, 0.8], "texture": "#1"},
				"down": {"uv": [0, 0, 0.5, 0.8], "rotation": 180, "texture": "#1"}
			}
		},
		{
			"from": [7.75, 9.7, 3.7],
			"to": [8.25, 10.2, 4.5],
			"rotation": {"angle": 0, "axis": "x", "origin": [8, 12, 16]},
			"faces": {
				"north": {"uv": [0, 0, 0.5, 0.5], "rotation": 180, "texture": "#1"},
				"east": {"uv": [0, 0, 0.5, 0.8], "rotation": 90, "texture": "#1"},
				"south": {"uv": [0, 0, 0.5, 0.5], "texture": "#1"},
				"west": {"uv": [0, 0, 0.5, 0.8], "rotation": 270, "texture": "#1"},
				"up": {"uv": [0, 0, 0.5, 0.8], "texture": "#1"},
				"down": {"uv": [0, 0, 0.5, 0.8], "rotation": 180, "texture": "#1"}
			}
		},
		{
			"from": [7.75, 8, 5.55],
			"to": [8.25, 8.5, 6.55],
			"rotation": {"angle": 0, "axis": "x", "origin": [8, 12, 16]},
			"faces": {
				"north": {"uv": [0, 0, 0.5, 0.5], "rotation": 180, "texture": "#0"},
				"east": {"uv": [0, 0, 0.5, 1], "rotation": 90, "texture": "#0"},
				"south": {"uv": [0, 0, 0.5, 0.5], "texture": "#0"},
				"west": {"uv": [0, 0, 0.5, 1], "rotation": 270, "texture": "#0"},
				"up": {"uv": [0, 0, 0.5, 1], "texture": "#0"},
				"down": {"uv": [0, 0, 0.5, 1], "rotation": 180, "texture": "#0"}
			}
		},
		{
			"from": [7.75, 6.5, 5.8],
			"to": [8.25, 8, 6.3],
			"rotation": {"angle": 0, "axis": "x", "origin": [8, 12, 16]},
			"faces": {
				"north": {"uv": [0, 0, 0.5, 1.5], "rotation": 180, "texture": "#0"},
				"east": {"uv": [0, 0, 1.5, 0.5], "rotation": 90, "texture": "#0"},
				"south": {"uv": [0, 0, 0.5, 1.5], "texture": "#0"},
				"west": {"uv": [0, 0, 1.5, 0.5], "rotation": 270, "texture": "#0"},
				"up": {"uv": [0, 0, 0.5, 0.5], "texture": "#0"},
				"down": {"uv": [0, 0, 0.5, 0.5], "rotation": 180, "texture": "#0"}
			}
		},
		{
			"from": [7.5, 7.5, 10.3],
			"to": [8.5, 7.8, 11.8],
			"rotation": {"angle": 0, "axis": "x", "origin": [8, 12, 16]},
			"faces": {
				"north": {"uv": [0, 0, 1, 0.3], "rotation": 180, "texture": "#1"},
				"east": {"uv": [0, 0, 0.3, 1.5], "rotation": 90, "texture": "#1"},
				"south": {"uv": [0, 0, 1, 0.3], "texture": "#1"},
				"west": {"uv": [0, 0, 0.3, 1.5], "rotation": 270, "texture": "#1"},
				"up": {"uv": [0, 0, 1, 1.5], "texture": "#1"},
				"down": {"uv": [0, 0, 1, 1.5], "rotation": 180, "texture": "#1"}
			}
		},
		{
			"from": [7.75, 10.8, 11.8],
			"to": [8.25, 11.1, 12.4],
			"rotation": {"angle": 0, "axis": "x", "origin": [8, 12, 16]},
			"faces": {
				"north": {"uv": [0, 0, 0.5, 0.3], "rotation": 180, "texture": "#0"},
				"east": {"uv": [0, 0, 0.3, 0.6], "rotation": 90, "texture": "#0"},
				"south": {"uv": [0, 0, 0.5, 0.3], "texture": "#0"},
				"west": {"uv": [0, 0, 0.3, 0.6], "rotation": 270, "texture": "#0"},
				"up": {"uv": [0, 0, 0.5, 0.6], "texture": "#0"},
				"down": {"uv": [0, 0, 0.5, 0.6], "rotation": 180, "texture": "#0"}
			}
		},
		{
			"from": [7.75, 10.8, 7.1],
			"to": [8.25, 11.4, 7.4],
			"rotation": {"angle": 0, "axis": "x", "origin": [8, 12, 16]},
			"faces": {
				"north": {"uv": [0, 0, 0.5, 0.6], "rotation": 180, "texture": "#0"},
				"east": {"uv": [0, 0, 0.6, 0.3], "rotation": 90, "texture": "#0"},
				"south": {"uv": [0, 0, 0.5, 0.6], "texture": "#0"},
				"west": {"uv": [0, 0, 0.6, 0.3], "rotation": 270, "texture": "#0"},
				"up": {"uv": [0, 0, 0.5, 0.3], "texture": "#0"},
				"down": {"uv": [0, 0, 0.5, 0.3], "rotation": 180, "texture": "#0"}
			}
		},
		{
			"from": [7.875, 9.3, 4],
			"to": [8.125, 9.7, 4.3],
			"rotation": {"angle": 0, "axis": "x", "origin": [8, 12, 16]},
			"faces": {
				"north": {"uv": [0, 0, 0.25, 0.4], "rotation": 180, "texture": "#0"},
				"east": {"uv": [0, 0, 0.4, 0.3], "rotation": 90, "texture": "#0"},
				"south": {"uv": [0, 0, 0.25, 0.4], "texture": "#0"},
				"west": {"uv": [0, 0, 0.4, 0.3], "rotation": 270, "texture": "#0"},
				"up": {"uv": [0, 0, 0.25, 0.3], "texture": "#0"},
				"down": {"uv": [0, 0, 0.25, 0.3], "rotation": 180, "texture": "#0"}
			}
		},
		{
			"from": [7.75, 10.8, 12.4],
			"to": [8.25, 11.4, 12.7],
			"rotation": {"angle": 0, "axis": "x", "origin": [8, 12, 16]},
			"faces": {
				"north": {"uv": [0, 0, 0.5, 0.6], "rotation": 180, "texture": "#0"},
				"east": {"uv": [0, 0, 0.6, 0.3], "rotation": 90, "texture": "#0"},
				"south": {"uv": [0, 0, 0.5, 0.6], "texture": "#0"},
				"west": {"uv": [0, 0, 0.6, 0.3], "rotation": 270, "texture": "#0"},
				"up": {"uv": [0, 0, 0.5, 0.3], "texture": "#0"},
				"down": {"uv": [0, 0, 0.5, 0.3], "rotation": 180, "texture": "#0"}
			}
		},
		{
			"from": [7.75, 10.8, 6.5],
			"to": [8.25, 11.1, 7.1],
			"rotation": {"angle": 0, "axis": "x", "origin": [8, 12, 16]},
			"faces": {
				"north": {"uv": [0, 0, 0.5, 0.3], "rotation": 180, "texture": "#0"},
				"east": {"uv": [0, 0, 0.3, 0.6], "rotation": 90, "texture": "#0"},
				"south": {"uv": [0, 0, 0.5, 0.3], "texture": "#0"},
				"west": {"uv": [0, 0, 0.3, 0.6], "rotation": 270, "texture": "#0"},
				"up": {"uv": [0, 0, 0.5, 0.6], "texture": "#0"},
				"down": {"uv": [0, 0, 0.5, 0.6], "rotation": 180, "texture": "#0"}
			}
		},
		{
			"from": [7.75, 8.2, 11.5],
			"to": [8.25, 8.5, 11.8],
			"rotation": {"angle": 0, "axis": "x", "origin": [8, 12, 16]},
			"faces": {
				"north": {"uv": [0, 0, 0.5, 0.3], "rotation": 180, "texture": "#1"},
				"east": {"uv": [0, 0, 0.3, 0.3], "rotation": 90, "texture": "#1"},
				"south": {"uv": [0, 0, 0.5, 0.3], "texture": "#1"},
				"west": {"uv": [0, 0, 0.3, 0.3], "rotation": 270, "texture": "#1"},
				"up": {"uv": [0, 0, 0.5, 0.3], "texture": "#1"},
				"down": {"uv": [0, 0, 0.5, 0.3], "rotation": 180, "texture": "#1"}
			}
		},
		{
			"from": [7.5, 10.5, 6.3],
			"to": [8.5, 10.8, 12.8],
			"rotation": {"angle": 0, "axis": "x", "origin": [8, 12, 16]},
			"faces": {
				"north": {"uv": [0, 0, 1, 0.3], "rotation": 180, "texture": "#1"},
				"east": {"uv": [0, 0, 0.3, 6.5], "rotation": 90, "texture": "#1"},
				"south": {"uv": [0, 0, 1, 0.3], "texture": "#1"},
				"west": {"uv": [0, 0, 0.3, 6.5], "rotation": 270, "texture": "#1"},
				"up": {"uv": [0, 0, 1, 6.5], "texture": "#1"},
				"down": {"uv": [0, 0, 1, 6.5], "rotation": 180, "texture": "#1"}
			}
		},
		{
			"from": [7.5, 7.5, 10.3],
			"to": [8.5, 8.5, 10.6],
			"rotation": {"angle": 0, "axis": "x", "origin": [8, 12, 16]},
			"faces": {
				"north": {"uv": [0, 0, 1, 1], "rotation": 180, "texture": "#1"},
				"east": {"uv": [0, 0, 1, 0.3], "rotation": 90, "texture": "#1"},
				"south": {"uv": [0, 0, 1, 1], "texture": "#1"},
				"west": {"uv": [0, 0, 1, 0.3], "rotation": 270, "texture": "#1"},
				"up": {"uv": [0, 0, 1, 0.3], "texture": "#1"},
				"down": {"uv": [0, 0, 1, 0.3], "rotation": 180, "texture": "#1"}
			}
		},
		{
			"from": [7.75, 10, 7.3],
			"to": [8.25, 10.3, 12.8],
			"rotation": {"angle": 0, "axis": "x", "origin": [8, 12, 16]},
			"faces": {
				"north": {"uv": [0, 0, 0.5, 0.3], "rotation": 180, "texture": "#2"},
				"east": {"uv": [0, 0, 0.3, 5.5], "rotation": 90, "texture": "#2"},
				"south": {"uv": [0, 0, 0.5, 0.3], "texture": "#2"},
				"west": {"uv": [0, 0, 0.3, 5.5], "rotation": 270, "texture": "#2"},
				"up": {"uv": [0, 0, 0.5, 5.5], "texture": "#2"},
				"down": {"uv": [0, 0, 0.5, 5.5], "rotation": 180, "texture": "#2"}
			}
		},
		{
			"from": [7.5, 6, 12.3],
			"to": [8.5, 8.5, 12.8],
			"rotation": {"angle": 0, "axis": "x", "origin": [8, 12, 16]},
			"faces": {
				"north": {"uv": [0, 0, 1, 2.5], "rotation": 180, "texture": "#1"},
				"east": {"uv": [0, 0, 2.5, 0.5], "rotation": 90, "texture": "#1"},
				"south": {"uv": [0, 0, 1, 2.5], "texture": "#1"},
				"west": {"uv": [0, 0, 2.5, 0.5], "rotation": 270, "texture": "#1"},
				"up": {"uv": [0, 0, 1, 0.5], "texture": "#1"},
				"down": {"uv": [0, 0, 1, 0.5], "rotation": 180, "texture": "#1"}
			}
		},
		{
			"from": [7.5, 8.15, 12],
			"to": [8.5, 8.5, 13.5],
			"rotation": {"angle": 0, "axis": "x", "origin": [8, 12, 16]},
			"faces": {
				"north": {"uv": [0, 0, 1, 0.35], "rotation": 180, "texture": "#1"},
				"east": {"uv": [0, 0, 0.35, 1.5], "rotation": 90, "texture": "#1"},
				"south": {"uv": [0, 0, 1, 0.35], "texture": "#1"},
				"west": {"uv": [0, 0, 0.35, 1.5], "rotation": 270, "texture": "#1"},
				"up": {"uv": [0, 0, 1, 1.5], "texture": "#1"},
				"down": {"uv": [0, 0, 1, 1.5], "rotation": 180, "texture": "#1"}
			}
		},
		{
			"from": [7.5, 6, 16.5],
			"to": [8.5, 9, 17.5],
			"rotation": {"angle": -22.5, "axis": "x", "origin": [8, 8.5, 17]},
			"faces": {
				"north": {"uv": [0, 0, 1, 3], "texture": "#1"},
				"east": {"uv": [0, 0, 1, 3], "texture": "#1"},
				"south": {"uv": [0, 0, 1, 3], "texture": "#1"},
				"west": {"uv": [0, 0, 1, 3], "texture": "#1"},
				"up": {"uv": [0, 0, 1, 1], "texture": "#1"},
				"down": {"uv": [0, 0, 1, 1], "texture": "#1"}
			}
		}
	],
	"display": {
		"thirdperson_righthand": {
			"translation": [0, 0, -3.25]
		},
		"thirdperson_lefthand": {
			"translation": [0, 0, -3.75]
		},
		"firstperson_righthand": {
			"translation": [0, 2.5, 1.5]
		},
		"gui": {
			"rotation": [0, -90, 0],
			"translation": [3.5, -1.75, 0],
			"scale": [1, 1, 0.85]
		}
	}
}