{
	"credit": "Made with Blockbench",
	"textures": {
		"0": "items/greay",
		"particle": "items/greay"
	},
	"elements": [
		{
			"from": [7.6, 6.75, 12],
			"to": [8.4, 8.75, 13],
			"faces": {
				"north": {"uv": [0, 0, 1, 2], "texture": "#0"},
				"east": {"uv": [0, 0, 1, 2], "texture": "#0"},
				"south": {"uv": [0, 0, 1, 2], "texture": "#0"},
				"west": {"uv": [0, 0, 1, 2], "texture": "#0"},
				"up": {"uv": [0, 0, 1, 1], "texture": "#0"},
				"down": {"uv": [0, 0, 1, 1], "texture": "#0"}
			}
		},
		{
			"from": [7.5, 6.85, 12],
			"to": [8.5, 8.65, 13],
			"faces": {
				"north": {"uv": [0, 0, 1, 2], "texture": "#0"},
				"east": {"uv": [0, 0, 1, 2], "texture": "#0"},
				"south": {"uv": [0, 0, 1, 2], "texture": "#0"},
				"west": {"uv": [0, 0, 1, 2], "texture": "#0"},
				"up": {"uv": [0, 0, 1, 1], "texture": "#0"},
				"down": {"uv": [0, 0, 1, 1], "texture": "#0"}
			}
		},
		{
			"from": [7.6, 6.5, 12.5],
			"to": [8.4, 8.5, 13.5],
			"faces": {
				"north": {"uv": [0, 0, 1, 2], "texture": "#0"},
				"east": {"uv": [0, 0, 1, 2], "texture": "#0"},
				"south": {"uv": [0, 0, 1, 2], "texture": "#0"},
				"west": {"uv": [0, 0, 1, 2], "texture": "#0"},
				"up": {"uv": [0, 0, 1, 1], "texture": "#0"},
				"down": {"uv": [0, 0, 1, 1], "texture": "#0"}
			}
		},
		{
			"from": [7.5, 6.6, 12.5],
			"to": [8.5, 8.4, 13.5],
			"faces": {
				"north": {"uv": [0, 0, 1, 2], "texture": "#0"},
				"east": {"uv": [0, 0, 1, 2], "texture": "#0"},
				"south": {"uv": [0, 0, 1, 2], "texture": "#0"},
				"west": {"uv": [0, 0, 1, 2], "texture": "#0"},
				"up": {"uv": [0, 0, 1, 1], "texture": "#0"},
				"down": {"uv": [0, 0, 1, 1], "texture": "#0"}
			}
		},
		{
			"from": [7.6, 6.25, 13],
			"to": [8.4, 8.25, 14],
			"faces": {
				"north": {"uv": [0, 0, 1, 2], "texture": "#0"},
				"east": {"uv": [0, 0, 1, 2], "texture": "#0"},
				"south": {"uv": [0, 0, 1, 2], "texture": "#0"},
				"west": {"uv": [0, 0, 1, 2], "texture": "#0"},
				"up": {"uv": [0, 0, 1, 1], "texture": "#0"},
				"down": {"uv": [0, 0, 1, 1], "texture": "#0"}
			}
		},
		{
			"from": [7.5, 6.35, 13],
			"to": [8.5, 8.15, 14],
			"faces": {
				"north": {"uv": [0, 0, 1, 2], "texture": "#0"},
				"east": {"uv": [0, 0, 1, 2], "texture": "#0"},
				"south": {"uv": [0, 0, 1, 2], "texture": "#0"},
				"west": {"uv": [0, 0, 1, 2], "texture": "#0"},
				"up": {"uv": [0, 0, 1, 1], "texture": "#0"},
				"down": {"uv": [0, 0, 1, 1], "texture": "#0"}
			}
		},
		{
			"from": [7.6, 6, 13.5],
			"to": [8.4, 8, 14.5],
			"faces": {
				"north": {"uv": [0, 0, 1, 2], "texture": "#0"},
				"east": {"uv": [0, 0, 1, 2], "texture": "#0"},
				"south": {"uv": [0, 0, 1, 2], "texture": "#0"},
				"west": {"uv": [0, 0, 1, 2], "texture": "#0"},
				"up": {"uv": [0, 0, 1, 1], "texture": "#0"},
				"down": {"uv": [0, 0, 1, 1], "texture": "#0"}
			}
		},
		{
			"from": [7.5, 6.1, 13.5],
			"to": [8.5, 7.9, 14.5],
			"faces": {
				"north": {"uv": [0, 0, 1, 2], "texture": "#0"},
				"east": {"uv": [0, 0, 1, 2], "texture": "#0"},
				"south": {"uv": [0, 0, 1, 2], "texture": "#0"},
				"west": {"uv": [0, 0, 1, 2], "texture": "#0"},
				"up": {"uv": [0, 0, 1, 1], "texture": "#0"},
				"down": {"uv": [0, 0, 1, 1], "texture": "#0"}
			}
		},
		{
			"from": [7.6, 6.25, 14.35],
			"to": [8.4, 8.25, 18],
			"faces": {
				"north": {"uv": [0, 0, 1, 2], "texture": "#0"},
				"east": {"uv": [0, 0, 1, 2], "texture": "#0"},
				"south": {"uv": [0, 0, 1, 2], "texture": "#0"},
				"west": {"uv": [0, 0, 1, 2], "texture": "#0"},
				"up": {"uv": [0, 0, 1, 1], "texture": "#0"},
				"down": {"uv": [0, 0, 1, 1], "texture": "#0"}
			}
		},
		{
			"from": [7.5, 6.35, 14.35],
			"to": [8.5, 8.15, 18],
			"faces": {
				"north": {"uv": [0, 0, 1, 2], "texture": "#0"},
				"east": {"uv": [0, 0, 1, 2], "texture": "#0"},
				"south": {"uv": [0, 0, 1, 2], "texture": "#0"},
				"west": {"uv": [0, 0, 1, 2], "texture": "#0"},
				"up": {"uv": [0, 0, 1, 1], "texture": "#0"},
				"down": {"uv": [0, 0, 1, 1], "texture": "#0"}
			}
		},
		{
			"from": [7.5, 6, 18.35],
			"to": [8.5, 8.25, 18.5],
			"faces": {
				"north": {"uv": [0, 0, 1, 2], "texture": "#0"},
				"east": {"uv": [0, 0, 1, 2], "texture": "#0"},
				"south": {"uv": [0, 0, 1, 2], "texture": "#0"},
				"west": {"uv": [0, 0, 1, 2], "texture": "#0"},
				"up": {"uv": [0, 0, 1, 1], "texture": "#0"},
				"down": {"uv": [0, 0, 1, 1], "texture": "#0"}
			}
		},
		{
			"from": [7.6, 6.1, 18],
			"to": [8.4, 6.65, 18.35],
			"faces": {
				"north": {"uv": [0, 0, 1, 2], "texture": "#0"},
				"east": {"uv": [0, 0, 1, 2], "texture": "#0"},
				"south": {"uv": [0, 0, 1, 2], "texture": "#0"},
				"west": {"uv": [0, 0, 1, 2], "texture": "#0"},
				"up": {"uv": [0, 0, 1, 1], "texture": "#0"},
				"down": {"uv": [0, 0, 1, 1], "texture": "#0"}
			}
		},
		{
			"from": [7.6, 7.35, 18],
			"to": [8.4, 7.9, 18.35],
			"faces": {
				"north": {"uv": [0, 0, 1, 2], "texture": "#0"},
				"east": {"uv": [0, 0, 1, 2], "texture": "#0"},
				"south": {"uv": [0, 0, 1, 2], "texture": "#0"},
				"west": {"uv": [0, 0, 1, 2], "texture": "#0"},
				"up": {"uv": [0, 0, 1, 1], "texture": "#0"},
				"down": {"uv": [0, 0, 1, 1], "texture": "#0"}
			}
		},
		{
			"from": [7.6, 6, 15.6],
			"to": [8.4, 8, 18],
			"faces": {
				"north": {"uv": [0, 0, 1, 2], "texture": "#0"},
				"east": {"uv": [0, 0, 1, 2], "texture": "#0"},
				"south": {"uv": [0, 0, 1, 2], "texture": "#0"},
				"west": {"uv": [0, 0, 1, 2], "texture": "#0"},
				"up": {"uv": [0, 0, 1, 1], "texture": "#0"},
				"down": {"uv": [0, 0, 1, 1], "texture": "#0"}
			}
		},
		{
			"from": [7.5, 6.1, 15.6],
			"to": [8.5, 7.9, 18],
			"faces": {
				"north": {"uv": [0, 0, 1, 2], "texture": "#0"},
				"east": {"uv": [0, 0, 1, 2], "texture": "#0"},
				"south": {"uv": [0, 0, 1, 2], "texture": "#0"},
				"west": {"uv": [0, 0, 1, 2], "texture": "#0"},
				"up": {"uv": [0, 0, 1, 1], "texture": "#0"},
				"down": {"uv": [0, 0, 1, 1], "texture": "#0"}
			}
		},
		{
			"from": [7.6, 7, 4],
			"to": [8.3, 9, 12],
			"faces": {
				"north": {"uv": [0, 0, 1, 2], "texture": "#0"},
				"east": {"uv": [0, 0, 7, 2], "texture": "#0"},
				"south": {"uv": [0, 0, 1, 2], "texture": "#0"},
				"west": {"uv": [0, 0, 7, 2], "texture": "#0"},
				"up": {"uv": [0, 0, 1, 7], "texture": "#0"},
				"down": {"uv": [0, 0, 1, 7], "texture": "#0"}
			}
		},
		{
			"from": [7.5, 7.1, 4],
			"to": [8.4, 8.9, 12],
			"faces": {
				"north": {"uv": [0, 0, 1, 2], "texture": "#0"},
				"east": {"uv": [0, 0, 7, 2], "texture": "#0"},
				"south": {"uv": [0, 0, 1, 2], "texture": "#0"},
				"west": {"uv": [0, 0, 7, 2], "texture": "#0"},
				"up": {"uv": [0, 0, 1, 7], "texture": "#0"},
				"down": {"uv": [0, 0, 1, 7], "texture": "#0"}
			}
		},
		{
			"from": [7.5, 10, 6],
			"to": [8.5, 11, 11],
			"faces": {
				"north": {"uv": [0, 0, 1, 1], "texture": "#0"},
				"east": {"uv": [0, 0, 5, 1], "texture": "#0"},
				"south": {"uv": [0, 0, 1, 1], "texture": "#0"},
				"west": {"uv": [0, 0, 5, 1], "texture": "#0"},
				"up": {"uv": [0, 0, 1, 5], "texture": "#0"},
				"down": {"uv": [0, 0, 1, 5], "texture": "#0"}
			}
		},
		{
			"from": [7.5, 10, 12],
			"to": [8.5, 11, 14],
			"faces": {
				"north": {"uv": [0, 0, 1, 1], "texture": "#0"},
				"east": {"uv": [0, 0, 2, 1], "texture": "#0"},
				"south": {"uv": [0, 0, 1, 1], "texture": "#0"},
				"west": {"uv": [0, 0, 2, 1], "texture": "#0"},
				"up": {"uv": [0, 0, 1, 2], "texture": "#0"},
				"down": {"uv": [0, 0, 1, 2], "texture": "#0"}
			}
		},
		{
			"from": [7.5, 10, 3],
			"to": [8.5, 11, 5],
			"faces": {
				"north": {"uv": [0, 0, 1, 1], "texture": "#0"},
				"east": {"uv": [0, 0, 2, 1], "texture": "#0"},
				"south": {"uv": [0, 0, 1, 1], "texture": "#0"},
				"west": {"uv": [0, 0, 2, 1], "texture": "#0"},
				"up": {"uv": [0, 0, 1, 2], "texture": "#0"},
				"down": {"uv": [0, 0, 1, 2], "texture": "#0"}
			}
		},
		{
			"from": [7.75, 9, 8],
			"to": [8.25, 10, 9],
			"faces": {
				"north": {"uv": [0, 0, 0.5, 1], "texture": "#0"},
				"east": {"uv": [0, 0, 1, 1], "texture": "#0"},
				"south": {"uv": [0, 0, 0.5, 1], "texture": "#0"},
				"west": {"uv": [0, 0, 1, 1], "texture": "#0"},
				"up": {"uv": [0, 0, 0.5, 1], "texture": "#0"},
				"down": {"uv": [0, 0, 0.5, 1], "texture": "#0"}
			}
		},
		{
			"from": [7.75, 10, 5],
			"to": [8.25, 11, 6],
			"faces": {
				"north": {"uv": [0, 0, 0.5, 1], "texture": "#0"},
				"east": {"uv": [0, 0, 1, 1], "texture": "#0"},
				"south": {"uv": [0, 0, 0.5, 1], "texture": "#0"},
				"west": {"uv": [0, 0, 1, 1], "texture": "#0"},
				"up": {"uv": [0, 0, 0.5, 1], "texture": "#0"},
				"down": {"uv": [0, 0, 0.5, 1], "texture": "#0"}
			}
		},
		{
			"from": [7.75, 10, 11],
			"to": [8.25, 11, 12],
			"faces": {
				"north": {"uv": [0, 0, 0.5, 1], "texture": "#0"},
				"east": {"uv": [0, 0, 1, 1], "texture": "#0"},
				"south": {"uv": [0, 0, 0.5, 1], "texture": "#0"},
				"west": {"uv": [0, 0, 1, 1], "texture": "#0"},
				"up": {"uv": [0, 0, 0.5, 1], "texture": "#0"},
				"down": {"uv": [0, 0, 0.5, 1], "texture": "#0"}
			}
		},
		{
			"from": [7.6, 6.1, 6.2],
			"to": [8.4, 7.1, 9],
			"rotation": {"angle": 0, "axis": "y", "origin": [8, 8, 9.3]},
			"faces": {
				"north": {"uv": [0, 0, 1, 1], "texture": "#0"},
				"east": {"uv": [0, 0, 4, 1], "texture": "#0"},
				"south": {"uv": [0, 0, 1, 1], "texture": "#0"},
				"west": {"uv": [0, 0, 4, 1], "texture": "#0"},
				"up": {"uv": [0, 0, 1, 4], "texture": "#0"},
				"down": {"uv": [0, 0, 1, 4], "texture": "#0"}
			}
		},
		{
			"from": [7.6, 6.1, 9.5],
			"to": [8.4, 7.1, 9.6],
			"rotation": {"angle": 0, "axis": "y", "origin": [8, 8, 9.3]},
			"faces": {
				"north": {"uv": [0, 0, 1, 1], "texture": "#0"},
				"east": {"uv": [0, 0, 4, 1], "texture": "#0"},
				"south": {"uv": [0, 0, 1, 1], "texture": "#0"},
				"west": {"uv": [0, 0, 4, 1], "texture": "#0"},
				"up": {"uv": [0, 0, 1, 4], "texture": "#0"},
				"down": {"uv": [0, 0, 1, 4], "texture": "#0"}
			}
		},
		{
			"from": [7.6, 6.1, 10.5],
			"to": [8.4, 7.1, 10.6],
			"rotation": {"angle": 0, "axis": "y", "origin": [8, 8, 9.3]},
			"faces": {
				"north": {"uv": [0, 0, 1, 1], "texture": "#0"},
				"east": {"uv": [0, 0, 4, 1], "texture": "#0"},
				"south": {"uv": [0, 0, 1, 1], "texture": "#0"},
				"west": {"uv": [0, 0, 4, 1], "texture": "#0"},
				"up": {"uv": [0, 0, 1, 4], "texture": "#0"},
				"down": {"uv": [0, 0, 1, 4], "texture": "#0"}
			}
		},
		{
			"from": [7.85, 6.5, 10.1],
			"to": [8.15, 7.2, 10.2],
			"rotation": {"angle": 45, "axis": "x", "origin": [8.00602, 6.79608, 10.2479]},
			"faces": {
				"north": {"uv": [0, 0, 1, 1], "texture": "#0"},
				"east": {"uv": [0, 0, 4, 1], "texture": "#0"},
				"south": {"uv": [0, 0, 1, 1], "texture": "#0"},
				"west": {"uv": [0, 0, 4, 1], "texture": "#0"},
				"up": {"uv": [0, 0, 1, 4], "texture": "#0"},
				"down": {"uv": [0, 0, 1, 4], "texture": "#0"}
			}
		},
		{
			"from": [7.6, 6.1, 9.55025],
			"to": [8.4, 6.2, 10.55025],
			"rotation": {"angle": 0, "axis": "x", "origin": [8.00515, 6.5973, 9.54755]},
			"faces": {
				"north": {"uv": [0, 0, 1, 4], "rotation": 180, "texture": "#0"},
				"east": {"uv": [0, 0, 4, 1], "rotation": 270, "texture": "#0"},
				"south": {"uv": [0, 0, 1, 4], "texture": "#0"},
				"west": {"uv": [0, 0, 4, 1], "rotation": 90, "texture": "#0"},
				"up": {"uv": [0, 0, 1, 1], "rotation": 180, "texture": "#0"},
				"down": {"uv": [0, 0, 1, 1], "texture": "#0"}
			}
		},
		{
			"from": [7.75, 4.2, 6.3],
			"to": [8.25, 6.1, 8.9],
			"rotation": {"angle": 0, "axis": "y", "origin": [8, 8, 9.3]},
			"faces": {
				"north": {"uv": [0, 0, 0.5, 2], "texture": "#0"},
				"east": {"uv": [0, 0, 4, 2], "texture": "#0"},
				"south": {"uv": [0, 0, 0.5, 2], "texture": "#0"},
				"west": {"uv": [0, 0, 4, 2], "texture": "#0"},
				"up": {"uv": [0, 0, 0.5, 4], "texture": "#0"},
				"down": {"uv": [0, 0, 0.5, 4], "texture": "#0"}
			}
		},
		{
			"from": [7.6, 8, -3],
			"to": [8.3, 9, 4],
			"faces": {
				"north": {"uv": [0, 0, 1, 1], "texture": "#0"},
				"east": {"uv": [0, 0, 7, 1], "texture": "#0"},
				"south": {"uv": [0, 0, 1, 1], "texture": "#0"},
				"west": {"uv": [0, 0, 7, 1], "texture": "#0"},
				"up": {"uv": [0, 0, 1, 7], "texture": "#0"},
				"down": {"uv": [0, 0, 1, 7], "texture": "#0"}
			}
		},
		{
			"from": [7.5, 8.1, -3],
			"to": [8.4, 8.9, 4],
			"faces": {
				"north": {"uv": [0, 0, 1, 1], "texture": "#0"},
				"east": {"uv": [0, 0, 7, 1], "texture": "#0"},
				"south": {"uv": [0, 0, 1, 1], "texture": "#0"},
				"west": {"uv": [0, 0, 7, 1], "texture": "#0"},
				"up": {"uv": [0, 0, 1, 7], "texture": "#0"},
				"down": {"uv": [0, 0, 1, 7], "texture": "#0"}
			}
		},
		{
			"from": [7.75, 8.25, -10],
			"to": [8.25, 8.75, -3],
			"faces": {
				"north": {"uv": [0, 0, 0.5, 0.5], "texture": "#0"},
				"east": {"uv": [0, 0, 7, 0.5], "texture": "#0"},
				"south": {"uv": [0, 0, 0.5, 0.5], "texture": "#0"},
				"west": {"uv": [0, 0, 7, 0.5], "texture": "#0"},
				"up": {"uv": [0, 0, 0.5, 7], "texture": "#0"},
				"down": {"uv": [0, 0, 0.5, 7], "texture": "#0"}
			}
		},
		{
			"from": [7.48693, 1, 0.11137],
			"to": [7.78693, 8, 0.41137],
			"rotation": {"angle": -45, "axis": "z", "origin": [7.98778, 7.51309, 0.49915]},
			"faces": {
				"north": {"uv": [0, 0, 0.5, 7], "texture": "#0"},
				"east": {"uv": [0, 0, 0.5, 7], "texture": "#0"},
				"south": {"uv": [0, 0, 0.5, 7], "texture": "#0"},
				"west": {"uv": [0, 0, 0.5, 7], "texture": "#0"},
				"up": {"uv": [0, 0, 0.5, 0.5], "rotation": 90, "texture": "#0"},
				"down": {"uv": [0, 0, 0.5, 0.5], "rotation": 270, "texture": "#0"}
			}
		},
		{
			"from": [7.38693, 1, 0.01137],
			"to": [7.88693, 1.25, 0.51137],
			"rotation": {"angle": -45, "axis": "z", "origin": [7.98778, 7.51309, 0.49915]},
			"faces": {
				"north": {"uv": [0, 0, 0.5, 7], "texture": "#0"},
				"east": {"uv": [0, 0, 0.5, 7], "texture": "#0"},
				"south": {"uv": [0, 0, 0.5, 7], "texture": "#0"},
				"west": {"uv": [0, 0, 0.5, 7], "texture": "#0"},
				"up": {"uv": [0, 0, 0.5, 0.5], "rotation": 90, "texture": "#0"},
				"down": {"uv": [0, 0, 0.5, 0.5], "rotation": 270, "texture": "#0"}
			}
		},
		{
			"from": [7.50087, 7.8, 0.11137],
			"to": [14.50087, 8.1, 0.41137],
			"rotation": {"angle": -45, "axis": "z", "origin": [7.98778, 7.51309, 0.49915]},
			"faces": {
				"north": {"uv": [0, 0, 0.5, 7], "rotation": 90, "texture": "#0"},
				"east": {"uv": [0, 0, 0.5, 0.5], "rotation": 180, "texture": "#0"},
				"south": {"uv": [0, 0, 0.5, 7], "rotation": 270, "texture": "#0"},
				"west": {"uv": [0, 0, 0.5, 0.5], "texture": "#0"},
				"up": {"uv": [0, 0, 0.5, 7], "rotation": 270, "texture": "#0"},
				"down": {"uv": [0, 0, 0.5, 7], "rotation": 270, "texture": "#0"}
			}
		},
		{
			"from": [14.25087, 7.7, 0.01137],
			"to": [14.50087, 8.2, 0.51137],
			"rotation": {"angle": -45, "axis": "z", "origin": [7.98778, 7.51309, 0.49915]},
			"faces": {
				"north": {"uv": [0, 0, 0.5, 7], "rotation": 90, "texture": "#0"},
				"east": {"uv": [0, 0, 0.5, 0.5], "rotation": 180, "texture": "#0"},
				"south": {"uv": [0, 0, 0.5, 7], "rotation": 270, "texture": "#0"},
				"west": {"uv": [0, 0, 0.5, 0.5], "texture": "#0"},
				"up": {"uv": [0, 0, 0.5, 7], "rotation": 270, "texture": "#0"},
				"down": {"uv": [0, 0, 0.5, 7], "rotation": 270, "texture": "#0"}
			}
		}
	],
	"display": {
		"thirdperson_righthand": {
			"translation": [0, 1.25, -2.25]
		},
		"thirdperson_lefthand": {
			"translation": [0, 0.75, -1]
		},
		"firstperson_righthand": {
			"translation": [0, 4.25, 1.75]
		},
		"firstperson_lefthand": {
			"translation": [0, 3.5, 0.5]
		},
		"gui": {
			"rotation": [25, -82.25, 44],
			"translation": [-1.75, 0, 0],
			"scale": [1, 1, 0.53]
		},
		"head": {
			"translation": [0, 0.5, 0]
		}
	}
}