{
	"credit": "Made with Blockbench",
	"textures": {
		"0": "items/a01",
		"1": "items/ak47a01",
		"2": "items/ak47a03",
		"particle": "items/a01"
	},
	"elements": [
		{
			"from": [7.5, 6, 3.5],
			"to": [8.5, 7.3, 10.5],
			"rotation": {"angle": 0, "axis": "y", "origin": [8, 7, 8]},
			"faces": {
				"north": {"uv": [0, 0, 1, 1.3], "texture": "#2"},
				"east": {"uv": [0, 0, 7, 1.3], "texture": "#2"},
				"south": {"uv": [0, 0, 1, 1.3], "texture": "#2"},
				"west": {"uv": [0, 0, 7, 1.3], "texture": "#2"},
				"up": {"uv": [0, 0, 1, 7], "texture": "#2"},
				"down": {"uv": [0, 0, 1, 7], "texture": "#2"}
			}
		},
		{
			"from": [7.6, 5.6, 6.2],
			"to": [8.4, 6.4, 10.5],
			"faces": {
				"north": {"uv": [0, 0, 0.8, 0.8], "texture": "#0"},
				"east": {"uv": [0, 0, 4.3, 0.8], "texture": "#0"},
				"south": {"uv": [0, 0, 0.8, 0.8], "texture": "#0"},
				"west": {"uv": [0, 0, 4.3, 0.8], "texture": "#0"},
				"up": {"uv": [0, 0, 0.8, 4.3], "texture": "#0"},
				"down": {"uv": [0, 0, 0.8, 4.3], "texture": "#0"}
			}
		},
		{
			"from": [7.7, 4.76, 8.1],
			"to": [8.3, 5.76, 8.15],
			"rotation": {"angle": -22.5, "axis": "x", "origin": [8.00519, 5.24962, 8.22019]},
			"faces": {
				"north": {"uv": [0, 0, 0.6, 1], "texture": "#0"},
				"east": {"uv": [0, 0, 0.05, 1], "texture": "#0"},
				"south": {"uv": [0, 0, 0.6, 1], "texture": "#0"},
				"west": {"uv": [0, 0, 0.05, 1], "texture": "#0"},
				"up": {"uv": [0, 0, 0.6, 0.05], "texture": "#0"},
				"down": {"uv": [0, 0, 0.6, 0.05], "texture": "#0"}
			}
		},
		{
			"from": [7.85, 5.26, 8.8],
			"to": [8.15, 6.16, 8.85],
			"rotation": {"angle": 22.5, "axis": "x", "origin": [8.00519, 5.24962, 8.22019]},
			"faces": {
				"north": {"uv": [0, 0, 0.3, 0.9], "texture": "#0"},
				"east": {"uv": [0, 0, 0.05, 0.9], "texture": "#0"},
				"south": {"uv": [0, 0, 0.3, 0.9], "texture": "#0"},
				"west": {"uv": [0, 0, 0.05, 0.9], "texture": "#0"},
				"up": {"uv": [0, 0, 0.3, 0.05], "texture": "#0"},
				"down": {"uv": [0, 0, 0.3, 0.05], "texture": "#0"}
			}
		},
		{
			"from": [7.7, 4.81823, 8.77214],
			"to": [8.3, 4.86823, 9.47214],
			"rotation": {"angle": -22.5, "axis": "x", "origin": [8.00676, 5.24804, 9.12019]},
			"faces": {
				"north": {"uv": [0, 0, 0.6, 0.05], "rotation": 180, "texture": "#0"},
				"east": {"uv": [0, 0, 0.05, 0.7], "rotation": 270, "texture": "#0"},
				"south": {"uv": [0, 0, 0.6, 0.05], "texture": "#0"},
				"west": {"uv": [0, 0, 0.05, 0.7], "rotation": 90, "texture": "#0"},
				"up": {"uv": [0, 0, 0.6, 0.7], "rotation": 180, "texture": "#0"},
				"down": {"uv": [0, 0, 0.6, 0.7], "texture": "#0"}
			}
		},
		{
			"from": [7.7, 4.71823, 8.2921],
			"to": [8.3, 4.76823, 8.9921],
			"rotation": {"angle": 0, "axis": "x", "origin": [8.00676, 5.24804, 9.12019]},
			"faces": {
				"north": {"uv": [0, 0, 0.6, 0.05], "rotation": 180, "texture": "#0"},
				"east": {"uv": [0, 0, 0.05, 0.7], "rotation": 270, "texture": "#0"},
				"south": {"uv": [0, 0, 0.6, 0.05], "texture": "#0"},
				"west": {"uv": [0, 0, 0.05, 0.7], "rotation": 90, "texture": "#0"},
				"up": {"uv": [0, 0, 0.6, 0.7], "rotation": 180, "texture": "#0"},
				"down": {"uv": [0, 0, 0.6, 0.7], "texture": "#0"}
			}
		},
		{
			"from": [7.6, 6.3, 10.5],
			"to": [8.4, 6.9, 17.68],
			"rotation": {"angle": 0, "axis": "y", "origin": [8, 6.3, 8]},
			"faces": {
				"north": {"uv": [0, 0, 0.8, 0.6], "texture": "#2"},
				"east": {"uv": [0, 0, 7.18, 0.6], "texture": "#2"},
				"south": {"uv": [0, 0, 0.8, 0.6], "texture": "#2"},
				"west": {"uv": [0, 0, 7.18, 0.6], "texture": "#2"},
				"up": {"uv": [0, 0, 0.8, 6.1], "texture": "#2"},
				"down": {"uv": [0, 0, 0.8, 7.18], "texture": "#2"}
			}
		},
		{
			"from": [7.6, 5.9, 12],
			"to": [8.4, 6.5, 18.1],
			"rotation": {"angle": 22.5, "axis": "x", "origin": [8.00785, 6.79127, 13.00086]},
			"faces": {
				"north": {"uv": [0, 0, 0.8, 0.6], "texture": "#2"},
				"east": {"uv": [0, 0, 6.1, 0.6], "texture": "#2"},
				"south": {"uv": [0, 0, 0.8, 0.6], "texture": "#2"},
				"west": {"uv": [0, 0, 6.1, 0.6], "texture": "#2"},
				"up": {"uv": [0, 0, 0.8, 6.1], "texture": "#2"},
				"down": {"uv": [0, 0, 0.8, 6.1], "texture": "#2"}
			}
		},
		{
			"from": [7.85, 6.4, 2.2],
			"to": [8.15, 6.7, 4.2],
			"rotation": {"angle": 0, "axis": "y", "origin": [8, 6.6, 8]},
			"faces": {
				"north": {"uv": [0, 0, 0.3, 0.3], "texture": "#1"},
				"east": {"uv": [0, 0, 2, 0.3], "texture": "#1"},
				"south": {"uv": [0, 0, 0.3, 0.3], "texture": "#1"},
				"west": {"uv": [0, 0, 2, 0.3], "texture": "#1"},
				"up": {"uv": [0, 0, 0.3, 2], "texture": "#1"},
				"down": {"uv": [0, 0, 0.3, 2], "texture": "#1"}
			}
		},
		{
			"from": [7.86, 8, 3.5],
			"to": [8.16, 8.2, 3.9],
			"rotation": {"angle": 0, "axis": "y", "origin": [8, 6.6, 9.2]},
			"faces": {
				"north": {"uv": [0, 0, 0.3, 0.2], "texture": "#0"},
				"east": {"uv": [0, 0, 0.4, 0.2], "texture": "#0"},
				"south": {"uv": [0, 0, 0.3, 0.2], "texture": "#0"},
				"west": {"uv": [0, 0, 0.4, 0.2], "texture": "#0"},
				"up": {"uv": [0, 0, 0.3, 0.4], "texture": "#0"},
				"down": {"uv": [0, 0, 0.3, 0.4], "texture": "#0"}
			}
		},
		{
			"from": [8, 7.3, 3.5],
			"to": [8.2, 8.1, 3.9],
			"rotation": {"angle": 22.5, "axis": "z", "origin": [8.28831, 7.81012, 3.70159]},
			"faces": {
				"north": {"uv": [0, 0, 0.2, 0.8], "texture": "#0"},
				"east": {"uv": [0, 0, 0.4, 0.8], "texture": "#0"},
				"south": {"uv": [0, 0, 0.2, 0.8], "texture": "#0"},
				"west": {"uv": [0, 0, 0.4, 0.8], "texture": "#0"},
				"up": {"uv": [0, 0, 0.2, 0.4], "texture": "#0"},
				"down": {"uv": [0, 0, 0.2, 0.4], "texture": "#0"}
			}
		},
		{
			"from": [7.8, 7.3, 3.5],
			"to": [8, 8.2, 3.9],
			"rotation": {"angle": -22.5, "axis": "z", "origin": [7.68831, 7.80907, 3.70264]},
			"faces": {
				"north": {"uv": [0, 0, 0.2, 0.9], "texture": "#0"},
				"east": {"uv": [0, 0, 0.4, 0.9], "texture": "#0"},
				"south": {"uv": [0, 0, 0.2, 0.9], "texture": "#0"},
				"west": {"uv": [0, 0, 0.4, 0.9], "texture": "#0"},
				"up": {"uv": [0, 0, 0.2, 0.4], "texture": "#0"},
				"down": {"uv": [0, 0, 0.2, 0.4], "texture": "#0"}
			}
		},
		{
			"from": [7.75, 4.4, 4.05],
			"to": [8.25, 6, 4.55],
			"rotation": {"angle": 0, "axis": "y", "origin": [8, 7, 8]},
			"faces": {
				"north": {"uv": [0, 0, 0.5, 1.6], "texture": "#0"},
				"east": {"uv": [0, 0, 0.5, 1.6], "texture": "#0"},
				"south": {"uv": [0, 0, 0.5, 1.6], "texture": "#0"},
				"west": {"uv": [0, 0, 0.5, 1.6], "texture": "#0"},
				"up": {"uv": [0, 0, 0.5, 0.5], "texture": "#0"},
				"down": {"uv": [0, 0, 0.5, 0.5], "texture": "#0"}
			}
		},
		{
			"from": [7.65, 5.6, 3.95],
			"to": [8.35, 6, 4.65],
			"rotation": {"angle": 0, "axis": "y", "origin": [8, 7, 8]},
			"faces": {
				"north": {"uv": [0, 0, 0.7, 0.4], "texture": "#0"},
				"east": {"uv": [0, 0, 0.7, 0.4], "texture": "#0"},
				"south": {"uv": [0, 0, 0.7, 0.4], "texture": "#0"},
				"west": {"uv": [0, 0, 0.7, 0.4], "texture": "#0"},
				"up": {"uv": [0, 0, 0.7, 0.7], "texture": "#0"},
				"down": {"uv": [0, 0, 0.7, 0.7], "texture": "#0"}
			}
		},
		{
			"from": [7.7, 2.3, 6.8],
			"to": [8.3, 6.3, 7.8],
			"rotation": {"angle": 22.5, "axis": "x", "origin": [8.00087, 6.50175, 6.99738]},
			"faces": {
				"north": {"uv": [0, 0, 0.6, 4], "texture": "#0"},
				"east": {"uv": [0, 0, 1, 4], "texture": "#0"},
				"south": {"uv": [0, 0, 0.6, 4], "texture": "#0"},
				"west": {"uv": [0, 0, 1, 4], "texture": "#0"},
				"up": {"uv": [0, 0, 0.6, 1], "texture": "#0"},
				"down": {"uv": [0, 0, 0.6, 1], "texture": "#0"}
			}
		},
		{
			"from": [7.7, 3.38847, 9.47883],
			"to": [8.3, 6.28847, 10.47883],
			"rotation": {"angle": -22.5, "axis": "x", "origin": [8.00836, 5.18502, 9.97391]},
			"faces": {
				"north": {"uv": [0, 0, 0.6, 2.9], "texture": "#0"},
				"east": {"uv": [0, 0, 1, 2.9], "texture": "#0"},
				"south": {"uv": [0, 0, 0.6, 2.9], "texture": "#0"},
				"west": {"uv": [0, 0, 1, 2.9], "texture": "#0"},
				"up": {"uv": [0, 0, 0.6, 1], "texture": "#0"},
				"down": {"uv": [0, 0, 0.6, 1], "texture": "#0"}
			}
		},
		{
			"from": [7.6, 4.02, 17.27883],
			"to": [8.4, 6.89, 17.67883],
			"rotation": {"angle": 0, "axis": "x", "origin": [8.00592, 3.18594, 8.27399]},
			"faces": {
				"north": {"uv": [0, 0, 0.8, 2.87], "texture": "#2"},
				"east": {"uv": [0, 0, 0.4, 2.87], "texture": "#2"},
				"south": {"uv": [0, 0, 0.8, 2.87], "texture": "#2"},
				"west": {"uv": [0, 0, 0.4, 2.87], "texture": "#2"},
				"up": {"uv": [0, 0, 0.8, 6.1], "texture": "#2"},
				"down": {"uv": [0, 0, 0.8, 0.4], "texture": "#2"}
			}
		}
	],
	"display": {
		"thirdperson_righthand": {
			"translation": [-0.25, 2.5, -1]
		},
		"firstperson_righthand": {
			"rotation": [0, -2.5, 0],
			"translation": [0.75, 4, 0.5]
		},
		"ground": {
			"translation": [0, 1.5, 0]
		},
		"gui": {
			"rotation": [-14.75, -108, -8.25],
			"translation": [1, 2.25, 0],
			"scale": [1, 1, 0.76]
		}
	}
}